,game_id,round,p1,p2,winner,model_choice,model0,model1,model2,model3,model4,model5,timestamp,ip_address
0,0,0,2,1,1,0,1,0,0,0,0,0,2020-12-15 19:50:16.567257,127.0.0.1
1,0,1,0,1,2,0,1,0,0,0,0,0,2020-12-15 19:50:20.634046,127.0.0.1
2,0,2,0,2,1,0,2,2,0,1,0,0,2020-12-15 19:50:22.940579,127.0.0.1
3,0,3,1,0,1,3,2,1,1,0,0,0,2020-12-15 19:50:24.921920,127.0.0.1
4,0,4,1,0,1,0,0,0,1,2,0,0,2020-12-15 19:50:26.241359,127.0.0.1
5,0,5,2,2,0,4,0,2,2,0,2,2,2020-12-15 19:50:27.766898,127.0.0.1
6,0,6,2,1,1,3,1,1,0,1,2,2,2020-12-15 19:50:29.414213,127.0.0.1
7,1,0,1,0,1,0,0,0,0,0,0,0,2020-12-16 00:11:57.449562,127.0.0.1
8,1,1,2,0,2,0,0,0,2,2,0,0,2020-12-16 00:11:59.269867,127.0.0.1
9,1,2,2,1,1,0,1,1,0,2,0,0,2020-12-16 00:12:00.507946,127.0.0.1
10,1,3,1,0,1,2,1,0,0,2,0,0,2020-12-16 00:12:02.048172,127.0.0.1
11,1,4,1,2,2,3,0,1,0,2,0,0,2020-12-16 00:12:03.033744,127.0.0.1
12,1,5,2,0,2,3,0,2,2,0,2,1,2020-12-16 00:12:04.311734,127.0.0.1
13,1,6,2,2,0,3,1,2,0,2,2,0,2020-12-16 00:12:05.387128,127.0.0.1
14,1,7,1,2,2,3,1,0,0,2,0,1,2020-12-16 00:12:06.964542,127.0.0.1
15,1,8,0,2,1,3,0,0,0,2,2,0,2020-12-16 00:12:20.162903,127.0.0.1
16,1,9,0,1,2,3,2,0,0,1,0,2,2020-12-16 00:12:22.657781,127.0.0.1
17,1,10,1,1,0,3,2,0,0,1,2,2,2020-12-16 00:12:25.350128,127.0.0.1
18,1,11,1,1,0,3,0,1,2,1,1,0,2020-12-16 00:12:30.175166,127.0.0.1
19,1,12,2,1,1,3,0,2,2,1,0,0,2020-12-16 00:12:31.870126,127.0.0.1
20,1,13,2,2,0,4,1,1,2,1,2,0,2020-12-16 00:12:33.340588,127.0.0.1
21,1,14,0,1,2,5,1,0,0,1,2,1,2020-12-16 00:12:35.241980,127.0.0.1
22,1,15,0,0,0,5,2,2,0,1,0,0,2020-12-16 00:12:38.628482,127.0.0.1
23,1,16,1,2,2,5,2,1,0,1,0,2,2020-12-16 00:12:41.840254,127.0.0.1
24,1,17,2,0,2,5,0,0,2,1,1,0,2020-12-16 00:12:44.104051,127.0.0.1
25,1,18,2,1,1,5,1,1,0,1,0,1,2020-12-16 00:12:46.562890,127.0.0.1
26,1,19,2,0,2,5,1,1,0,1,0,0,2020-12-16 00:12:48.428401,127.0.0.1
27,1,20,1,1,0,5,0,0,0,1,2,1,2020-12-16 00:12:52.329520,127.0.0.1
28,1,21,0,0,0,5,0,2,0,1,0,0,2020-12-16 00:12:55.212195,127.0.0.1
29,1,22,0,1,2,5,2,0,0,1,1,1,2020-12-16 00:12:56.771521,127.0.0.1
30,1,23,2,2,0,5,2,0,0,1,2,2,2020-12-16 00:12:59.384993,127.0.0.1
31,1,24,1,1,0,5,1,2,0,1,2,1,2020-12-16 00:13:01.415424,127.0.0.1
32,1,25,1,0,1,5,0,1,0,1,1,0,2020-12-16 00:13:03.056427,127.0.0.1
33,1,26,2,2,0,4,0,1,0,1,2,1,2020-12-16 00:13:05.786051,127.0.0.1
34,1,27,0,2,1,4,1,2,0,1,2,2,2020-12-16 00:13:08.425665,127.0.0.1
35,1,28,0,0,0,4,2,2,0,1,0,1,2020-12-16 00:13:10.791965,127.0.0.1
36,1,29,0,1,2,4,2,2,0,1,1,1,2020-12-16 00:13:15.634018,127.0.0.1
37,1,30,2,1,1,4,1,1,0,1,1,0,2020-12-16 00:13:17.946838,127.0.0.1
38,1,31,2,0,2,5,1,0,0,1,1,0,2020-12-16 00:13:20.598807,127.0.0.1
39,1,32,1,0,1,5,1,0,0,1,1,0,2020-12-16 00:13:23.051417,127.0.0.1
40,1,33,2,2,0,5,0,1,0,1,2,2,2020-12-16 00:13:26.484407,127.0.0.1
41,1,34,0,1,2,5,1,0,0,1,0,1,2020-12-16 00:13:29.832177,127.0.0.1
42,1,35,1,1,0,5,2,2,0,1,1,1,2020-12-16 00:13:32.981332,127.0.0.1
43,1,36,1,1,0,5,0,0,0,1,1,1,2020-12-16 00:13:34.879371,127.0.0.1
44,1,37,2,0,2,5,0,0,0,1,1,0,2020-12-16 00:13:37.215361,127.0.0.1
45,1,38,0,0,0,5,1,1,0,1,2,0,2020-12-16 00:13:40.268659,127.0.0.1
46,1,39,0,1,2,5,2,2,0,1,0,1,2020-12-16 00:13:42.503851,127.0.0.1
47,2,0,2,2,0,0,2,0,0,0,0,0,2020-12-16 00:21:03.000000,10.30.205.3
48,2,1,1,1,0,0,1,0,0,0,0,0,2020-12-16 00:21:05.467180,10.30.205.3
49,2,2,1,0,1,0,0,1,0,2,0,0,2020-12-16 00:21:06.918652,10.30.205.3
50,2,3,2,0,2,3,0,2,2,0,0,0,2020-12-16 00:21:09.116882,10.30.205.3
51,2,4,1,2,2,3,1,1,0,2,0,0,2020-12-16 00:21:11.187291,10.30.205.3
52,2,5,2,0,2,3,0,2,2,0,0,2,2020-12-16 00:21:13.656551,10.30.205.3
53,2,6,0,2,1,3,1,1,0,2,2,1,2020-12-16 00:21:16.094658,10.30.205.3
54,2,7,0,2,1,0,2,2,0,1,2,2,2020-12-16 00:21:18.922001,10.30.205.3
55,2,8,1,1,0,3,2,2,0,1,2,1,2020-12-16 00:21:21.804219,10.30.205.3
56,2,9,2,1,1,3,0,0,2,1,0,1,2020-12-16 00:21:25.216350,10.30.205.3
57,2,10,1,1,0,0,1,1,0,1,0,2,2020-12-16 00:21:29.245348,10.30.205.3
58,2,11,0,0,0,0,0,0,2,1,2,1,2020-12-16 00:21:31.385018,10.30.205.3
59,2,12,0,2,1,0,2,0,2,1,2,1,2020-12-16 00:21:36.775188,10.30.205.3
60,2,13,0,1,2,3,2,0,2,1,0,0,2020-12-16 00:21:41.170511,10.30.205.3
61,2,14,1,0,1,3,1,1,2,0,1,1,2020-12-16 00:21:45.152085,10.30.205.3
62,2,15,1,0,1,3,0,2,2,0,1,1,2020-12-16 00:21:49.698801,10.30.205.3
63,2,16,1,2,2,1,0,2,2,0,1,2,2020-12-16 00:21:53.067418,10.30.205.3
64,2,17,0,2,1,1,2,2,2,0,2,2,2020-12-16 00:22:00.895884,10.30.205.3
65,2,18,0,1,2,1,2,1,2,0,1,0,2020-12-16 00:22:05.855738,10.30.205.3
66,2,19,2,1,1,1,2,1,2,0,2,1,2020-12-16 00:22:10.696276,10.30.205.3
67,2,20,2,2,0,1,1,2,2,0,1,0,2020-12-16 00:22:15.804128,10.30.205.3
68,2,21,1,0,1,3,1,0,2,0,1,2,2020-12-16 00:22:24.938531,10.30.205.3
69,3,0,1,0,1,0,0,0,0,0,0,0,2020-12-16 00:26:57.000000,10.45.9.232
70,3,1,2,0,2,0,0,0,2,2,0,0,2020-12-16 00:26:59.098936,10.45.9.232
71,3,2,0,1,2,0,1,1,0,2,0,0,2020-12-16 00:27:01.401798,10.45.9.232
72,3,3,0,2,1,0,2,2,0,1,0,0,2020-12-16 00:27:03.112727,10.45.9.232
73,3,4,0,2,1,3,2,1,1,2,0,0,2020-12-16 00:27:04.930345,10.45.9.232
74,3,5,1,1,0,4,1,1,1,2,1,2,2020-12-16 00:27:07.763350,10.45.9.232
75,3,6,1,0,1,5,0,2,1,0,1,0,2020-12-16 00:27:09.272610,10.45.9.232
76,3,7,1,2,2,1,0,2,2,0,2,0,2020-12-16 00:27:11.173637,10.45.9.232
77,3,8,2,2,0,1,2,2,2,0,2,2,2020-12-16 00:27:12.907971,10.45.9.232
78,3,9,0,0,0,1,1,0,2,0,2,1,2020-12-16 00:27:14.745166,10.45.9.232
79,3,10,1,2,2,1,2,2,2,0,0,0,2020-12-16 00:27:16.983765,10.45.9.232
80,3,11,2,0,2,1,0,0,2,0,1,1,2020-12-16 00:27:19.845514,10.45.9.232
81,3,12,1,1,0,1,1,1,2,0,0,2,2020-12-16 00:27:26.417273,10.45.9.232
82,3,13,0,0,0,1,0,0,2,0,0,0,2020-12-16 00:27:28.544954,10.45.9.232
83,3,14,0,0,0,1,2,0,2,0,2,2,2020-12-16 00:27:31.074223,10.45.9.232
84,3,15,0,0,0,1,2,0,2,0,2,1,2020-12-16 00:27:34.430623,10.45.9.232
85,3,16,2,1,1,1,1,1,1,0,1,0,2020-12-16 00:27:42.474255,10.45.9.232
86,3,17,2,0,2,1,1,0,1,0,1,1,2020-12-16 00:27:46.308625,10.45.9.232
87,3,18,1,0,1,1,1,0,1,0,0,1,2020-12-16 00:27:48.724893,10.45.9.232
88,3,19,2,1,1,1,0,1,2,0,0,2,2020-12-16 00:28:10.120691,10.45.9.232
89,3,20,2,0,2,3,1,0,2,0,2,1,2020-12-16 00:28:13.592835,10.45.9.232
90,3,21,1,1,0,3,1,2,0,1,2,0,2020-12-16 00:28:17.268379,10.45.9.232
91,3,22,1,0,1,1,0,0,2,1,2,2,2020-12-16 00:28:21.218042,10.45.9.232
92,3,23,2,1,1,3,0,2,2,1,0,1,2020-12-16 00:28:24.271303,10.45.9.232
93,3,24,0,2,1,1,1,2,2,1,0,0,2020-12-16 00:28:27.842638,10.45.9.232
94,4,0,2,1,1,0,1,0,0,0,0,0,2020-12-16 00:49:48.000000,10.7.242.21
95,4,1,2,1,1,0,1,0,0,0,0,0,2020-12-16 00:50:10.582415,10.7.242.21
96,4,2,1,0,1,1,1,0,0,0,0,0,2020-12-16 00:50:22.628614,10.7.242.21
97,4,3,1,0,1,0,0,1,0,2,0,0,2020-12-16 00:50:28.078762,10.7.242.21
98,4,4,0,2,1,3,0,2,0,2,0,0,2020-12-16 00:50:33.065664,10.7.242.21
99,4,5,2,2,0,4,2,0,0,1,2,2,2020-12-16 00:50:44.649751,10.7.242.21
100,4,6,0,0,0,2,1,2,0,1,2,1,2020-12-16 00:50:49.318308,10.7.242.21
101,4,7,1,0,1,5,2,0,0,1,0,0,2020-12-16 00:50:58.841066,10.7.242.21
102,4,8,0,0,0,0,0,0,0,1,1,2,2020-12-16 00:51:03.466964,10.7.242.21
103,4,9,2,2,0,0,2,2,0,1,2,0,2020-12-16 00:51:06.751010,10.7.242.21
104,4,10,2,1,1,0,1,2,0,1,1,1,2020-12-16 00:51:13.395410,10.7.242.21
105,4,11,1,0,1,2,1,2,0,1,0,1,2020-12-16 00:51:28.255460,10.7.242.21
106,4,12,2,0,2,2,0,1,0,1,0,1,2020-12-16 00:51:35.742415,10.7.242.21
107,4,13,0,0,0,2,1,0,0,1,1,2,2020-12-16 00:51:43.458320,10.7.242.21
108,4,14,1,2,2,0,2,2,0,1,1,0,2020-12-16 00:51:49.200444,10.7.242.21
109,4,15,1,0,1,0,0,0,0,1,2,1,2020-12-16 00:51:56.590880,10.7.242.21
110,4,16,0,0,0,0,0,0,0,1,2,0,2020-12-16 00:52:06.547826,10.7.242.21
111,4,17,1,2,2,0,2,2,0,1,1,0,2020-12-16 00:52:11.110920,10.7.242.21
112,4,18,0,0,0,0,0,2,2,1,0,0,2020-12-16 00:52:18.224874,10.7.242.21
113,4,19,1,2,2,0,2,0,2,1,2,0,2020-12-16 00:52:23.316538,10.7.242.21
114,4,20,0,0,0,0,0,0,2,1,0,1,2020-12-16 00:52:36.912758,10.7.242.21
115,4,21,0,2,1,0,2,0,2,0,1,0,2020-12-16 00:52:40.779987,10.7.242.21
116,4,0,1,0,1,0,0,0,0,0,0,0,2020-12-16 00:53:43.022631,127.0.0.1
117,5,2,1,1,0,2,2,1,1,1,0,0,2020-12-16 01:00:19.899284,10.30.235.17
118,5,3,2,0,2,0,0,0,1,2,0,0,2020-12-16 01:00:21.769418,10.30.61.206
119,5,4,2,1,1,0,1,1,1,2,0,0,2020-12-16 01:00:23.121561,10.81.229.85
120,5,5,0,0,0,4,1,1,0,2,0,2,2020-12-16 01:00:23.940979,10.29.25.131
121,6,7,1,1,0,2,2,1,1,2,0,1,2020-12-16 01:00:25.985560,10.30.235.17
122,6,8,1,0,1,0,0,0,1,2,1,2,2020-12-16 01:00:27.637895,10.30.61.206
123,6,9,2,0,2,3,0,2,1,0,1,2,2020-12-16 01:00:28.332988,10.81.229.85
124,6,10,2,2,0,3,1,1,1,2,2,2,2020-12-16 01:00:29.601429,10.29.25.131
125,6,11,0,2,1,3,1,0,0,2,0,1,2020-12-16 01:00:30.874279,10.11.150.203
126,6,12,0,1,2,5,2,2,1,2,2,1,2020-12-16 01:00:32.045512,10.30.235.17
127,6,13,1,1,0,5,2,1,1,2,0,1,2020-12-16 01:00:33.600396,10.30.61.206
128,6,14,1,1,0,5,2,1,1,2,0,1,2020-12-16 01:00:34.735991,10.81.229.85
129,6,15,2,0,2,0,0,2,1,0,1,2,2020-12-16 01:00:35.912392,10.29.25.131
130,6,16,0,1,2,0,1,1,1,2,1,0,2020-12-16 01:00:37.925899,10.11.150.203
131,6,17,1,2,2,0,2,2,1,2,0,0,2020-12-16 01:00:40.994745,10.30.235.17
132,6,18,2,0,2,0,0,0,1,0,2,2,2020-12-16 01:00:43.588062,10.30.61.206
133,7,20,1,2,2,0,2,2,1,2,1,0,2020-12-16 01:00:49.786802,10.30.235.17
134,7,21,0,2,1,0,2,2,1,2,1,0,2020-12-16 01:00:50.720920,10.11.150.203
135,7,22,1,2,2,0,2,2,1,0,0,2,2020-12-16 01:00:54.624519,10.81.229.85
136,7,23,1,2,2,0,2,2,1,0,0,2,2020-12-16 01:00:55.466502,10.30.61.206
137,8,0,1,1,0,0,1,0,0,0,0,0,2020-12-16 01:03:53.000000,10.101.144.240
138,8,1,2,0,2,0,0,0,2,2,0,0,2020-12-16 01:03:54.792845,10.101.144.240
139,8,2,1,2,2,2,0,2,2,2,0,0,2020-12-16 01:04:32.586956,10.63.255.131
140,8,3,1,2,2,2,0,2,2,2,0,0,2020-12-16 01:04:39.868321,10.63.255.131
141,8,4,1,2,2,2,2,2,2,2,0,0,2020-12-16 01:04:50.869805,10.63.255.131
142,8,5,1,2,2,2,2,2,2,2,2,1,2020-12-16 01:04:58.172392,10.63.255.131
143,8,6,1,2,2,2,2,2,2,2,2,1,2020-12-16 01:05:38.374130,10.63.255.131
144,8,7,1,2,2,2,2,2,2,2,2,1,2020-12-16 01:05:41.109163,10.63.255.131
145,8,8,1,2,2,2,2,2,2,2,2,1,2020-12-16 01:05:43.188239,10.63.255.131
146,8,9,1,2,2,2,2,2,2,2,2,1,2020-12-16 01:05:51.043743,10.63.255.131
147,8,10,1,2,2,2,2,2,2,2,2,1,2020-12-16 01:05:56.460875,10.63.255.131
148,8,11,1,2,2,2,2,2,2,2,2,1,2020-12-16 01:06:04.198268,10.63.255.131
149,9,0,1,1,0,0,1,0,0,0,0,0,2020-12-16 01:09:25.000000,10.69.244.94
150,9,1,2,0,2,0,0,0,2,2,0,0,2020-12-16 01:09:31.366603,10.69.244.94
151,9,2,1,1,0,0,1,1,0,2,0,0,2020-12-16 01:09:33.985668,10.69.244.94
152,9,3,0,0,0,3,0,1,2,0,0,0,2020-12-16 01:09:36.204833,10.69.244.94
153,9,4,0,0,0,1,2,0,2,1,0,0,2020-12-16 01:09:39.147765,10.69.244.94
154,9,5,0,1,2,4,2,0,2,0,1,0,2020-12-16 01:09:42.616401,10.69.244.94
155,9,6,0,1,2,4,1,1,1,0,1,0,2020-12-16 01:09:44.618714,10.69.244.94
156,9,7,0,1,2,4,1,1,1,0,1,0,2020-12-16 01:09:46.399589,10.69.244.94
157,9,8,0,1,2,4,1,1,1,0,1,1,2020-12-16 01:09:48.017222,10.69.244.94
158,9,9,0,1,2,4,1,1,1,0,1,1,2020-12-16 01:09:49.741146,10.69.244.94
159,9,10,0,1,2,4,1,1,1,0,1,1,2020-12-16 01:09:51.517659,10.69.244.94
160,9,11,0,1,2,4,1,1,1,0,1,1,2020-12-16 01:09:53.184233,10.69.244.94
161,9,12,0,1,2,4,1,1,1,0,1,1,2020-12-16 01:09:54.864789,10.69.244.94
162,9,13,0,1,2,4,1,1,1,0,1,1,2020-12-16 01:09:56.366690,10.69.244.94
163,10,0,1,1,0,0,1,0,0,0,0,0,2020-12-16 01:16:17.000000,10.35.183.55
164,10,1,0,0,0,0,0,0,2,2,0,0,2020-12-16 01:16:27.470969,10.35.183.55
165,10,2,2,2,0,0,2,0,2,1,0,0,2020-12-16 01:16:29.594759,10.35.183.55
166,10,3,1,2,2,1,1,2,0,1,0,0,2020-12-16 01:16:38.958589,10.35.183.55
167,10,4,0,1,2,1,0,1,2,1,0,0,2020-12-16 01:16:44.581492,10.35.183.55
168,10,5,0,0,0,1,2,0,2,0,2,0,2020-12-16 01:16:55.013770,10.35.183.55
169,10,6,0,0,0,1,2,0,1,0,1,0,2020-12-16 01:16:59.024256,10.35.183.55
170,10,7,1,1,0,1,1,1,1,0,2,2,2020-12-16 01:17:02.374506,10.35.183.55
171,10,8,1,1,0,4,0,2,1,0,1,1,2020-12-16 01:17:06.143993,10.35.183.55
172,10,9,2,2,0,1,0,2,2,0,2,0,2020-12-16 01:17:16.002494,10.35.183.55
173,10,10,2,0,2,5,1,1,2,0,2,0,2020-12-16 01:17:38.788532,10.35.183.55
174,10,11,1,1,0,5,1,0,2,0,2,1,2020-12-16 01:17:50.075980,10.35.183.55
175,10,12,0,2,1,5,0,0,2,0,0,2,2020-12-16 01:17:52.438330,10.35.183.55
176,10,13,2,0,2,4,2,0,2,0,0,0,2020-12-16 01:18:11.432481,10.35.183.55
177,10,14,1,1,0,4,1,2,2,0,1,1,2020-12-16 01:18:17.644183,10.35.183.55
178,10,15,2,2,0,4,0,1,2,0,2,1,2020-12-16 01:18:23.499683,10.35.183.55
179,10,16,2,1,1,4,1,2,2,1,1,1,2020-12-16 01:18:28.159995,10.35.183.55
180,10,17,0,0,0,4,1,2,0,1,0,1,2020-12-16 01:18:33.775283,10.35.183.55
181,10,18,0,1,2,4,2,2,0,1,1,1,2020-12-16 01:18:38.258432,10.35.183.55
182,10,19,2,2,0,4,2,1,1,2,2,1,2020-12-16 01:19:13.262978,10.35.183.55
183,10,20,2,0,2,4,1,1,0,2,0,2,2020-12-16 01:19:16.385710,10.35.183.55
184,10,21,1,0,1,4,1,0,0,2,0,1,2020-12-16 01:19:20.382170,10.35.183.55
185,10,22,1,1,0,3,0,1,0,1,2,2,2020-12-16 01:19:25.442246,10.35.183.55
186,10,23,2,2,0,4,0,2,0,1,2,1,2020-12-16 01:19:35.878651,10.35.183.55
187,10,24,1,0,1,4,1,2,0,1,0,0,2020-12-16 01:19:55.117389,10.35.183.55
188,10,25,2,0,2,4,0,2,0,1,0,0,2020-12-16 01:20:01.136898,10.35.183.55
189,10,26,0,2,1,4,1,1,0,1,2,1,2020-12-16 01:20:08.685260,10.35.183.55
190,10,27,0,2,1,5,2,2,0,1,0,2,2020-12-16 01:20:13.711233,10.35.183.55
191,10,28,2,1,1,3,2,2,0,1,1,1,2020-12-16 01:20:18.251787,10.35.183.55
192,10,29,0,1,2,3,1,1,0,1,0,2,2020-12-16 01:20:26.744487,10.35.183.55
193,10,30,1,2,2,3,2,1,0,2,1,0,2020-12-16 01:20:29.935912,10.35.183.55
194,10,31,1,1,0,3,0,0,0,1,2,1,2020-12-16 01:20:32.723470,10.35.183.55
195,10,32,1,1,0,3,0,0,0,1,2,2,2020-12-16 01:20:35.043729,10.35.183.55
196,10,33,0,1,2,3,2,2,2,1,1,1,2020-12-16 01:20:39.199507,10.35.183.55
197,11,0,0,2,1,0,2,0,0,0,0,0,2020-12-16 01:21:46.000000,10.9.158.174
198,11,1,2,2,0,0,2,0,1,1,0,0,2020-12-16 01:21:48.430063,10.9.158.174
199,11,2,2,2,0,1,1,2,0,1,0,0,2020-12-16 01:21:50.687046,10.9.158.174
200,11,3,1,0,1,1,1,0,0,1,0,0,2020-12-16 01:21:52.658696,10.9.158.174
201,11,4,0,0,0,0,0,1,0,1,0,0,2020-12-16 01:21:55.462836,10.9.158.174
202,11,5,1,2,2,4,2,0,0,2,2,1,2020-12-16 01:21:59.052820,10.9.158.174
203,11,6,0,2,1,4,0,1,0,1,2,1,2020-12-16 01:22:01.039450,10.9.158.174
204,11,7,2,2,0,3,2,0,1,2,2,0,2020-12-16 01:22:03.206645,10.9.158.174
205,11,8,0,1,2,5,1,2,0,2,1,1,2020-12-16 01:22:05.402505,10.9.158.174
206,11,9,2,1,1,5,2,0,1,2,2,1,2020-12-16 01:22:07.484636,10.9.158.174
207,11,10,1,2,2,5,1,2,0,2,1,2,2020-12-16 01:22:09.122886,10.9.158.174
208,11,11,2,2,0,5,0,1,0,2,1,2,2020-12-16 01:22:10.840291,10.9.158.174
209,11,12,0,2,1,5,1,2,0,2,2,2,2020-12-16 01:22:12.545243,10.9.158.174
210,11,13,2,2,0,0,2,2,0,2,2,1,2020-12-16 01:22:14.793155,10.9.158.174
211,11,14,0,1,2,0,1,1,0,2,0,1,2020-12-16 01:22:16.739681,10.9.158.174
212,11,15,1,2,2,0,2,2,0,2,1,1,2020-12-16 01:22:19.226599,10.9.158.174
213,11,16,2,0,2,0,0,0,0,2,0,2,2020-12-16 01:22:23.279082,10.9.158.174
214,11,17,0,1,2,0,1,1,0,2,2,0,2020-12-16 01:22:25.298910,10.9.158.174
215,11,18,1,2,2,0,2,2,0,2,2,0,2020-12-16 01:22:28.637146,10.9.158.174
216,11,19,0,0,0,0,0,0,0,2,2,2,2020-12-16 01:22:30.435989,10.9.158.174
217,11,20,0,2,1,0,2,2,1,2,0,1,2020-12-16 01:22:34.344646,10.9.158.174
218,11,21,2,2,0,0,2,2,1,2,2,2,2020-12-16 01:22:37.860960,10.9.158.174
219,11,22,0,1,2,0,1,2,1,2,2,1,2020-12-16 01:22:40.372669,10.9.158.174
220,11,23,2,2,0,0,2,1,1,2,2,0,2020-12-16 01:22:44.307396,10.9.158.174
221,11,24,0,1,2,0,1,2,1,2,1,2,2020-12-16 01:22:47.266338,10.9.158.174
222,11,0,0,1,2,0,1,0,0,0,0,0,2020-12-16 01:32:46.000000,10.5.206.253
223,11,2,1,1,0,2,2,1,1,1,0,0,2020-12-16 01:32:50.066341,10.37.196.48
224,11,4,2,1,1,3,0,2,2,1,0,0,2020-12-16 01:32:53.552084,10.5.206.253
225,11,6,0,2,1,5,1,0,0,1,2,2,2020-12-16 01:32:58.299808,10.5.206.253
226,11,8,1,1,0,2,2,1,1,2,0,0,2020-12-16 01:33:02.643065,10.5.206.253
227,11,10,2,2,0,2,0,2,2,0,2,0,2020-12-16 01:33:08.605260,10.37.196.48
228,11,12,0,2,1,0,2,2,1,0,0,1,2020-12-16 01:33:29.313168,10.37.196.48
229,11,14,1,0,1,0,0,0,1,0,1,2,2020-12-16 01:33:33.014933,10.5.206.253
230,11,16,2,2,0,5,1,1,2,0,0,2,2020-12-16 01:33:36.970502,10.5.206.253
231,11,18,0,1,2,5,2,2,1,0,0,1,2020-12-16 01:33:48.594818,10.5.206.253
232,11,20,1,2,2,5,0,0,1,0,1,2,2020-12-16 01:33:59.843263,10.5.206.253
233,11,22,2,2,0,5,1,1,2,0,0,2,2020-12-16 01:34:04.483250,10.5.206.253
234,11,24,0,2,1,4,2,2,1,0,2,0,2020-12-16 01:34:12.128182,10.37.196.48
235,12,0,0,2,1,0,2,0,0,0,0,0,2020-12-16 01:40:30.000000,10.181.29.40
236,12,1,0,2,1,0,2,0,1,1,0,0,2020-12-16 01:40:32.261113,10.181.29.40
237,12,2,0,1,2,2,2,1,1,1,0,0,2020-12-16 01:40:33.514259,10.181.29.40
238,12,3,0,1,2,2,2,1,1,1,0,0,2020-12-16 01:40:34.873122,10.181.29.40
239,12,4,0,1,2,2,1,1,1,1,0,0,2020-12-16 01:40:36.103142,10.181.29.40
240,12,5,0,1,2,2,1,1,1,1,1,1,2020-12-16 01:40:37.281822,10.181.29.40
241,12,6,0,1,2,2,1,1,1,1,1,1,2020-12-16 01:40:38.414305,10.181.29.40
242,12,7,0,1,2,2,1,1,1,1,1,1,2020-12-16 01:40:39.518525,10.181.29.40
243,12,8,0,1,2,2,1,1,1,1,1,1,2020-12-16 01:40:40.621545,10.181.29.40
244,12,9,0,1,2,2,1,1,1,1,1,1,2020-12-16 01:40:41.709780,10.181.29.40
245,12,10,0,1,2,2,1,1,1,1,1,1,2020-12-16 01:40:42.848242,10.181.29.40
246,12,11,0,1,2,2,1,1,1,1,1,1,2020-12-16 01:40:44.142064,10.181.29.40
247,12,0,1,1,0,0,1,0,0,0,0,0,2020-12-16 02:19:15.000000,10.156.16.229
248,12,2,2,2,0,0,2,0,2,1,0,0,2020-12-16 02:19:25.714176,10.156.16.229
249,12,4,1,2,2,0,2,2,1,2,0,0,2020-12-16 02:19:36.464821,10.52.12.238
250,12,6,1,1,0,0,1,1,0,1,1,2,2020-12-16 02:19:43.537189,10.52.12.238
251,12,8,0,0,0,3,2,0,2,0,2,1,2020-12-16 02:20:00.627872,10.52.12.238
252,12,10,0,1,2,5,0,1,2,0,1,1,2020-12-16 02:20:17.293886,10.156.16.229
253,12,12,0,0,0,0,0,0,2,0,1,1,2020-12-16 02:20:32.608793,10.156.16.229
254,12,14,1,1,0,5,2,2,1,0,2,1,2020-12-16 02:21:06.083785,10.156.16.229
255,12,16,2,1,1,4,2,1,1,0,1,2,2020-12-16 02:21:22.542134,10.156.16.229
256,12,18,1,2,2,1,1,2,1,0,1,0,2020-12-16 02:21:34.286117,10.52.12.238
257,12,20,2,0,2,1,2,0,1,0,2,1,2020-12-16 02:21:50.575089,10.52.12.238
258,12,22,2,1,1,1,0,1,1,0,0,1,2020-12-16 02:22:01.312898,10.52.12.238
259,12,24,0,1,2,1,0,1,2,0,0,1,2020-12-16 02:22:13.033022,10.52.12.238
260,12,26,2,2,0,1,1,2,1,0,0,0,2020-12-16 02:22:22.193136,10.156.16.229
261,13,0,0,2,1,0,2,0,0,0,0,0,2020-12-16 02:29:37.000000,10.7.242.21
262,13,1,2,2,0,0,2,0,1,1,0,0,2020-12-16 02:29:39.142275,10.79.236.200
263,13,2,0,2,1,1,1,2,0,1,0,0,2020-12-16 02:29:40.626020,10.7.242.21
264,13,3,1,2,2,0,2,2,1,0,0,0,2020-12-16 02:29:41.959618,10.79.236.200
265,13,4,0,0,0,0,0,0,1,2,0,0,2020-12-16 02:29:43.586939,10.7.242.21
266,13,5,1,2,2,4,2,2,1,2,2,2,2020-12-16 02:29:45.883768,10.79.236.200
267,13,6,0,2,1,4,0,0,1,0,2,1,2020-12-16 02:29:47.283926,10.7.242.21
268,13,7,2,0,2,5,2,0,1,0,1,0,2020-12-16 02:30:02.047980,10.79.236.200
269,13,8,0,0,0,5,1,2,1,2,2,0,2020-12-16 02:30:04.269586,10.7.242.21
270,13,9,1,2,2,5,2,0,1,2,1,2,2020-12-16 02:30:06.577109,10.79.236.200
271,13,10,0,1,2,5,0,0,1,0,0,1,2020-12-16 02:30:08.605934,10.7.242.21
272,13,11,2,0,2,5,2,2,1,0,1,0,2020-12-16 02:30:10.744442,10.79.236.200
273,13,12,2,0,2,5,1,2,1,2,1,0,2020-12-16 02:30:12.702263,10.7.242.21
274,13,13,2,2,0,5,1,2,1,2,1,2,2020-12-16 02:30:17.895898,10.79.236.200
275,13,14,0,0,0,5,0,0,1,2,0,0,2020-12-16 02:30:23.129358,10.7.242.21
276,13,15,0,1,2,5,2,1,1,2,2,1,2020-12-16 02:30:27.002594,10.79.236.200
277,13,16,1,1,0,5,2,1,1,2,0,1,2020-12-16 02:30:29.657292,10.7.242.21
278,13,17,2,2,0,5,0,0,1,2,2,2,2020-12-16 02:30:32.379039,10.79.236.200
279,13,18,2,2,0,5,1,1,1,2,1,2,2020-12-16 02:30:37.928364,10.7.242.21
280,13,19,1,0,1,5,1,1,1,2,0,0,2020-12-16 02:30:43.342622,10.79.236.200
281,13,20,0,2,1,5,0,0,1,2,0,2,2020-12-16 02:30:51.187535,10.7.242.21
282,13,21,1,2,2,5,2,0,1,2,2,2,2020-12-16 02:31:03.575005,10.79.236.200
283,13,22,2,0,2,5,0,1,1,2,2,0,2020-12-16 02:31:09.605911,10.7.242.21
284,13,23,2,2,0,5,1,1,1,2,1,2,2020-12-16 02:31:12.892358,10.79.236.200
285,14,0,2,1,1,0,1,0,0,0,0,0,2020-12-16 04:08:38.000000,10.41.198.134
286,14,1,1,1,0,0,1,0,0,0,0,0,2020-12-16 04:08:40.488629,10.41.198.134
287,14,2,2,0,2,0,0,1,0,2,0,0,2020-12-16 04:08:42.315489,10.41.198.134
288,14,3,2,1,1,0,1,1,0,2,0,0,2020-12-16 04:08:43.391563,10.41.198.134
289,14,4,0,0,0,2,1,0,0,2,0,0,2020-12-16 04:08:44.527978,10.41.198.134
290,14,5,0,0,0,4,2,2,0,1,0,2,2020-12-16 04:08:45.661375,10.41.198.134
291,14,6,1,0,1,2,2,1,0,2,1,1,2020-12-16 04:08:47.279363,10.41.198.134
292,14,7,1,1,0,3,0,0,0,1,1,2,2020-12-16 04:08:48.625386,10.41.198.134
293,14,8,2,1,1,3,0,2,0,1,0,1,2020-12-16 04:08:49.998330,10.41.198.134
294,14,9,2,2,0,4,1,1,0,1,2,1,2020-12-16 04:08:51.215128,10.41.198.134
295,14,10,0,2,1,4,1,0,0,1,2,0,2020-12-16 04:08:53.050321,10.41.198.134
296,14,11,0,0,0,2,2,2,0,1,0,2,2020-12-16 04:08:54.472226,10.41.198.134
297,14,12,1,2,2,3,2,1,0,2,1,1,2020-12-16 04:08:55.801020,10.41.198.134
298,14,13,1,1,0,3,0,0,0,1,2,1,2020-12-16 04:08:57.096177,10.41.198.134
299,14,14,2,1,1,3,0,2,0,1,1,0,2020-12-16 04:08:59.448442,10.41.198.134
300,14,15,2,1,1,0,1,1,0,1,2,2,2020-12-16 04:09:01.394441,10.41.198.134
301,14,16,0,0,0,2,1,0,0,1,0,0,2020-12-16 04:09:03.158380,10.41.198.134
302,14,17,0,0,0,2,2,2,0,1,0,2,2020-12-16 04:09:05.127286,10.41.198.134
303,14,18,1,2,2,3,2,1,0,2,2,1,2020-12-16 04:09:06.888744,10.41.198.134
304,14,19,1,1,0,3,0,0,0,1,2,1,2020-12-16 04:09:08.656963,10.41.198.134
305,14,20,2,1,1,3,0,2,0,1,2,0,2020-12-16 04:09:10.177608,10.41.198.134
306,14,21,2,0,2,4,1,1,0,1,0,1,2020-12-16 04:09:11.662271,10.41.198.134
307,14,22,0,0,0,4,1,0,0,1,0,0,2020-12-16 04:09:13.675825,10.41.198.134
308,14,23,0,0,0,4,2,2,0,1,0,2,2020-12-16 04:09:15.182043,10.41.198.134
309,14,24,1,1,0,4,2,1,0,2,1,0,2020-12-16 04:09:17.044439,10.41.198.134
310,14,25,1,1,0,3,0,0,0,1,2,1,2020-12-16 04:09:19.019645,10.41.198.134
311,14,26,2,1,1,4,0,2,0,1,1,1,2020-12-16 04:09:20.903550,10.41.198.134
312,14,27,2,2,0,4,1,1,0,1,2,2,2020-12-16 04:09:23.153893,10.41.198.134
313,14,28,0,0,0,4,1,0,0,1,0,0,2020-12-16 04:09:26.389710,10.41.198.134
314,14,29,0,1,2,4,2,2,0,1,1,2,2020-12-16 04:09:28.182936,10.41.198.134
315,14,30,1,1,0,4,2,1,0,2,1,1,2020-12-16 04:09:29.943182,10.41.198.134
316,14,31,1,1,0,3,0,0,0,1,2,2,2020-12-16 04:09:31.734305,10.41.198.134
317,14,32,2,2,0,4,0,2,0,1,2,2,2020-12-16 04:09:33.798853,10.41.198.134
318,14,33,2,0,2,4,1,1,0,1,0,0,2020-12-16 04:09:35.737170,10.41.198.134
319,14,34,0,0,0,4,1,0,0,1,0,0,2020-12-16 04:09:38.299338,10.41.198.134
320,14,35,0,1,2,4,2,2,0,1,1,2,2020-12-16 04:09:40.588140,10.41.198.134
321,14,36,0,1,2,4,2,1,0,2,1,1,2020-12-16 04:09:45.672982,10.41.198.134
322,14,37,2,2,0,4,1,1,0,2,2,2,2020-12-16 04:09:50.673605,10.41.198.134
323,14,38,2,1,1,4,1,0,0,2,1,0,2020-12-16 04:09:56.099155,10.41.198.134
324,15,0,1,2,2,0,2,0,0,0,0,0,2020-12-16 18:54:43.000000,10.61.189.68
325,15,1,2,0,2,0,0,0,2,2,0,0,2020-12-16 18:54:46.644700,10.61.189.68
326,15,2,2,1,1,0,1,1,0,2,0,0,2020-12-16 18:54:48.372360,10.61.189.68
327,15,3,2,0,2,2,1,0,0,2,0,0,2020-12-16 18:54:50.839043,10.61.189.68
328,15,4,1,0,1,2,0,0,0,2,0,0,2020-12-16 18:54:52.803503,10.61.189.68
329,15,5,1,0,1,4,0,2,0,2,0,2,2020-12-16 18:54:54.274427,10.61.189.68
330,15,6,0,1,2,5,0,2,0,2,2,1,2020-12-16 18:54:56.294832,10.61.189.68
331,15,7,2,1,1,5,2,0,0,1,0,1,2020-12-16 18:54:59.218286,10.61.189.68
332,15,8,1,1,0,5,1,2,0,1,1,1,2020-12-16 18:55:01.841193,10.61.189.68
333,15,9,2,1,1,1,0,1,0,1,2,0,2020-12-16 18:55:04.150292,10.61.189.68
334,16,0,2,2,0,0,2,0,0,0,0,0,2020-12-21 23:18:06.000000,10.28.44.109
335,16,1,2,1,1,0,1,0,0,0,0,0,2020-12-21 23:18:08.114156,10.28.44.109
336,16,2,1,0,1,1,1,0,0,0,0,0,2020-12-21 23:18:23.722785,10.28.44.109
337,16,3,1,0,1,0,0,1,0,2,0,0,2020-12-21 23:18:26.187196,10.28.44.109
338,16,4,2,2,0,3,0,2,0,2,0,0,2020-12-21 23:18:29.202641,10.28.44.109
339,16,5,2,2,0,4,1,2,0,2,2,1,2020-12-21 23:18:35.802760,10.28.44.109
340,16,6,2,0,2,2,1,0,0,2,2,1,2020-12-21 23:18:38.214149,10.28.44.109
341,16,7,1,0,1,2,0,0,0,2,0,1,2020-12-21 23:18:40.939769,10.28.44.109
342,16,8,1,2,2,3,0,2,0,2,0,0,2020-12-21 23:18:42.883312,10.28.44.109
343,16,9,0,2,1,3,0,2,0,2,2,1,2020-12-21 23:18:45.585512,10.28.44.109
344,16,10,0,1,2,3,2,0,0,1,2,0,2020-12-21 23:18:48.074624,10.28.44.109
345,16,11,1,1,0,3,2,1,0,1,0,1,2020-12-21 23:18:52.363266,10.28.44.109
346,16,12,1,1,0,3,0,1,0,1,1,0,2020-12-21 23:18:56.384380,10.28.44.109
347,16,13,0,1,2,3,0,2,2,1,2,2,2020-12-21 23:18:59.988301,10.28.44.109
348,16,14,2,1,1,3,2,2,2,1,0,0,2020-12-21 23:19:02.890901,10.28.44.109
349,16,15,2,1,1,3,1,2,0,1,1,1,2020-12-21 23:19:04.828220,10.28.44.109
350,16,16,2,1,1,3,1,2,0,1,2,2,2020-12-21 23:19:06.844449,10.28.44.109
351,16,17,2,0,2,2,0,0,0,1,1,2,2020-12-21 23:19:09.464337,10.28.44.109
352,16,18,1,0,1,2,0,0,0,1,0,0,2020-12-21 23:19:13.887182,10.28.44.109
353,16,19,1,0,1,2,0,2,0,1,0,1,2020-12-21 23:19:18.847897,10.28.44.109
354,16,0,1,0,1,0,0,0,0,0,0,0,2020-12-21 23:36:03.000000,10.35.221.122
355,17,2,2,2,0,0,2,0,2,1,0,0,2020-12-21 23:36:10.816479,10.47.227.158
356,17,3,1,2,2,1,1,2,0,1,0,0,2020-12-21 23:36:14.170458,10.47.227.158
357,18,5,2,0,2,1,2,0,2,0,2,1,2020-12-21 23:36:19.362185,10.47.227.158
358,18,6,1,2,2,1,1,2,0,1,1,1,2020-12-21 23:36:22.267492,10.47.227.158
359,19,8,0,2,1,1,1,2,0,1,0,0,2020-12-21 23:36:28.841340,10.47.227.158
360,19,9,0,2,1,0,2,2,0,1,2,2,2020-12-21 23:36:32.953289,10.47.227.158
361,20,11,2,2,0,3,1,1,1,2,0,2,2020-12-21 23:36:39.422226,10.47.227.158
362,20,12,0,2,1,3,1,0,1,2,1,1,2020-12-21 23:36:42.338294,10.47.227.158
363,20,14,0,1,2,5,2,0,1,2,0,1,2020-12-21 23:36:47.116310,10.47.227.158
364,21,0,0,1,2,0,1,0,0,0,0,0,2020-12-21 23:49:31.000000,10.63.255.131
365,21,1,1,2,2,0,2,0,1,1,0,0,2020-12-21 23:49:34.834953,10.63.255.131
366,21,2,2,0,2,0,0,0,2,1,0,0,2020-12-21 23:49:36.967245,10.63.255.131
367,21,3,2,1,1,0,1,1,0,1,0,0,2020-12-21 23:49:38.400305,10.63.255.131
368,21,4,2,0,2,2,1,0,0,1,0,0,2020-12-21 23:49:40.525695,10.63.255.131
369,21,5,0,0,0,2,0,0,0,1,0,2,2020-12-21 23:49:42.473080,10.63.255.131
370,21,6,0,0,0,2,2,1,0,2,0,2,2020-12-21 23:49:45.131801,10.63.255.131
371,21,7,1,1,0,1,2,1,0,2,0,2,2020-12-21 23:49:49.227358,10.63.255.131
372,21,8,1,0,1,1,0,0,0,2,1,0,2020-12-21 23:49:51.632203,10.63.255.131
373,21,9,1,1,0,3,0,2,0,1,1,2,2020-12-21 23:49:53.820426,10.63.255.131
374,21,10,1,2,2,1,2,2,2,1,0,0,2020-12-21 23:49:55.905241,10.63.255.131
375,22,0,0,1,2,0,1,0,0,0,0,0,2020-12-22 00:04:45.000000,10.97.137.170
376,22,1,0,2,1,0,2,0,1,1,0,0,2020-12-22 00:04:52.049502,10.97.137.170
377,22,2,1,1,0,2,2,1,1,1,0,0,2020-12-22 00:04:59.488095,10.97.137.170
378,22,3,2,0,2,0,0,0,1,2,0,0,2020-12-22 00:05:04.678141,10.97.137.170
379,22,4,1,1,0,0,1,1,1,2,0,0,2020-12-22 00:05:10.577259,10.97.137.170
380,22,5,0,0,0,4,0,0,2,0,0,0,2020-12-22 00:05:19.602374,10.97.137.170
381,22,6,0,0,0,3,2,0,1,0,2,2,2020-12-22 00:05:23.332481,10.97.137.170
382,22,7,0,0,0,3,2,0,1,0,0,1,2020-12-22 00:05:27.196975,10.97.137.170
383,22,8,1,1,0,2,1,1,1,0,1,1,2020-12-22 00:05:31.700994,10.97.137.170
384,22,9,2,1,1,2,0,2,1,0,1,1,2020-12-22 00:05:35.013689,10.97.137.170
385,22,10,0,0,0,3,1,1,1,0,2,2,2020-12-22 00:05:40.619323,10.97.137.170
386,22,11,1,2,2,1,2,2,1,0,2,0,2020-12-22 00:05:44.975761,10.97.137.170
387,22,12,1,0,1,1,0,0,1,0,0,1,2020-12-22 00:05:52.949132,10.97.137.170
388,22,13,0,0,0,1,0,0,1,0,2,0,2020-12-22 00:05:57.899612,10.97.137.170
389,22,14,0,1,2,2,2,2,1,0,2,1,2020-12-22 00:06:01.550843,10.97.137.170
390,22,15,2,1,1,2,2,1,1,0,2,2,2020-12-22 00:06:08.831118,10.97.137.170
391,22,16,1,1,0,2,1,2,1,0,0,0,2020-12-22 00:06:26.725714,10.97.137.170
392,22,17,1,1,0,2,0,1,1,0,0,0,2020-12-22 00:06:32.253084,10.97.137.170
393,22,18,1,1,0,2,0,1,1,0,1,0,2020-12-22 00:06:35.539572,10.97.137.170
394,22,19,2,2,0,2,2,2,2,0,2,0,2020-12-22 00:06:40.533331,10.97.137.170
395,22,20,2,2,0,2,1,0,2,0,2,0,2020-12-22 00:06:49.969192,10.97.137.170
396,22,21,0,0,0,1,1,0,2,0,0,0,2020-12-22 00:06:53.787803,10.97.137.170
397,22,22,1,2,2,1,2,2,1,0,1,2,2020-12-22 00:06:58.530892,10.97.137.170
398,22,0,2,2,0,0,2,0,0,0,0,0,2020-12-22 01:58:36.000000,10.35.179.103
399,22,2,2,0,2,0,0,1,0,2,0,0,2020-12-22 01:58:39.457492,10.16.194.154
400,22,4,2,2,0,0,2,2,0,1,0,0,2020-12-22 01:58:42.753977,10.35.179.103
401,22,6,0,0,0,2,1,1,0,1,1,1,2020-12-22 01:58:45.803536,10.35.179.103
402,22,8,0,1,2,5,1,2,0,2,1,1,2020-12-22 01:58:47.436877,10.35.179.103
403,22,10,0,0,0,2,2,2,0,2,0,1,2020-12-22 01:58:51.380566,10.35.179.103
404,22,12,1,0,1,5,1,1,1,2,0,0,2020-12-22 01:58:54.696858,10.35.179.103
405,22,14,2,0,2,5,0,2,1,2,1,0,2020-12-22 01:58:58.101913,10.35.179.103
406,22,16,2,2,0,5,2,2,0,2,2,2,2020-12-22 01:59:01.636319,10.35.179.103
407,22,18,2,0,2,5,0,1,0,2,1,0,2020-12-22 01:59:04.590906,10.16.194.154
408,23,20,1,2,2,5,2,2,0,2,0,2,2020-12-22 01:59:07.339031,10.16.194.154
409,23,21,1,2,2,5,0,0,0,2,0,2,2020-12-22 01:59:10.638285,10.16.194.154
410,24,0,1,2,2,0,2,0,0,0,0,0,2020-12-22 01:59:59.000000,10.43.210.238
411,24,1,0,0,0,0,0,0,2,2,0,0,2020-12-22 02:00:00.816870,10.13.211.10
412,25,3,2,0,2,0,0,0,2,1,0,0,2020-12-22 02:00:08.139802,10.61.172.160
413,25,4,2,1,1,0,1,1,2,1,0,0,2020-12-22 02:00:12.058508,10.47.221.227
414,25,5,0,0,0,4,1,0,0,1,0,0,2020-12-22 02:00:19.945944,10.45.153.152
415,25,6,1,2,2,0,2,2,0,1,0,2,2020-12-22 02:00:21.733619,10.102.224.122
416,26,8,0,1,2,5,0,0,2,1,0,1,2020-12-22 02:00:27.921870,10.13.235.87
417,26,9,2,1,1,5,2,2,2,0,1,1,2020-12-22 02:00:29.860929,10.35.184.226
418,26,10,1,1,0,3,1,2,2,1,1,1,2020-12-22 02:00:32.392412,10.35.136.190
419,26,11,1,1,0,3,0,1,2,1,2,0,2020-12-22 02:00:34.627916,10.63.151.139
420,26,12,1,2,2,2,0,1,2,1,2,1,2020-12-22 02:00:37.767270,10.171.23.45
421,26,13,1,2,2,2,2,1,2,1,2,2,2020-12-22 02:00:40.284996,10.63.224.151
422,27,16,0,0,0,3,2,1,2,0,2,1,2020-12-22 02:00:50.930678,10.35.227.185
423,27,17,1,0,1,3,1,1,2,0,1,1,2020-12-22 02:00:52.883729,10.158.213.109
424,27,18,2,2,0,1,0,2,2,0,1,1,2020-12-22 02:00:53.876459,10.63.174.10
425,27,19,0,0,0,3,1,1,2,0,2,0,2020-12-22 02:00:56.804214,10.71.246.139
426,27,20,0,2,1,1,2,2,2,0,1,1,2020-12-22 02:00:58.159908,10.43.210.238
427,27,21,1,2,2,1,2,2,2,0,2,1,2020-12-22 02:00:58.827568,10.13.211.10
428,27,22,2,0,2,3,2,2,2,0,2,2,2020-12-22 02:00:59.124320,10.41.198.134
429,27,23,1,0,1,1,0,0,2,0,2,2,2020-12-22 02:00:59.862196,10.69.161.99
430,27,24,0,0,0,3,1,1,2,0,1,0,2020-12-22 02:01:00.226603,10.52.10.57
431,27,25,1,0,1,1,0,0,2,0,0,2,2020-12-22 02:01:00.979353,10.93.170.169
432,27,26,2,2,0,1,2,2,2,0,0,0,2020-12-22 02:01:01.198946,10.61.172.160
433,28,29,1,0,1,5,2,2,2,0,2,0,2020-12-22 02:01:03.688557,10.123.249.13
434,28,30,2,1,1,4,0,0,2,0,1,2,2020-12-22 02:01:07.202644,10.47.221.227
435,28,31,1,1,0,4,0,0,2,0,1,2,2020-12-22 02:01:08.053825,10.45.153.152
436,28,32,0,0,0,5,0,0,2,0,2,0,2020-12-22 02:01:11.747597,10.69.161.99
437,28,33,1,1,0,5,2,2,2,0,1,1,2020-12-22 02:01:13.296875,10.13.235.87
438,28,35,0,1,2,1,1,1,2,0,2,0,2020-12-22 02:01:18.075955,10.35.184.226
439,28,37,1,2,2,1,2,2,2,0,1,2,2020-12-22 02:01:23.752138,10.13.211.10
440,29,40,1,2,2,1,2,2,2,0,2,2,2020-12-22 02:01:31.357025,10.171.23.45
441,29,41,2,0,2,1,0,0,2,0,1,1,2020-12-22 02:01:34.488986,10.11.215.82
442,29,42,1,1,0,1,1,1,2,0,2,1,2020-12-22 02:01:36.694063,10.43.210.238
443,29,45,1,0,1,1,2,0,2,0,2,0,2020-12-22 02:01:45.748275,10.63.174.10
444,30,47,2,2,0,1,0,2,2,0,0,0,2020-12-22 02:01:52.712275,10.69.161.99
445,30,48,0,1,2,0,1,1,2,0,1,0,2020-12-22 02:01:57.437383,10.63.174.10
446,31,51,1,0,1,0,0,0,2,0,0,1,2020-12-22 02:02:08.038070,10.63.174.10
447,31,52,1,0,1,0,0,0,2,0,1,1,2020-12-22 02:02:15.571821,10.69.161.99
448,32,0,2,0,2,0,0,0,0,0,0,0,2020-12-22 02:09:29.000000,10.69.161.99
449,32,1,0,1,2,0,1,0,0,0,0,0,2020-12-22 02:09:36.598786,10.69.161.99
450,32,2,1,2,2,0,2,2,0,1,0,0,2020-12-22 02:09:40.693081,10.69.161.99
451,32,3,0,0,0,0,0,0,0,1,0,0,2020-12-22 02:09:44.684208,10.69.161.99
452,32,4,0,2,1,0,2,0,1,2,0,0,2020-12-22 02:09:47.053862,10.69.161.99
453,32,5,1,1,0,4,2,1,1,2,1,2,2020-12-22 02:09:50.012076,10.69.161.99
454,32,6,2,2,0,5,0,0,1,0,1,2,2020-12-22 02:09:52.664850,10.69.161.99
455,32,7,2,1,1,0,1,1,1,2,2,2,2020-12-22 02:09:58.065673,10.69.161.99
456,32,8,0,2,1,3,1,1,0,2,0,1,2020-12-22 02:10:01.008770,10.69.161.99
457,32,9,2,0,2,5,2,2,1,2,1,0,2020-12-22 02:10:07.813206,10.69.161.99
458,32,10,0,1,2,5,1,1,0,2,0,1,2020-12-22 02:10:11.219388,10.69.161.99
459,32,11,1,1,0,5,2,2,1,2,0,1,2020-12-22 02:10:15.282869,10.69.161.99
460,32,12,1,1,0,5,0,0,1,2,2,1,2020-12-22 02:10:17.336652,10.69.161.99
461,32,13,1,2,2,5,0,0,1,2,1,2,2020-12-22 02:10:19.276038,10.69.161.99
462,32,14,0,1,2,5,2,0,2,0,0,1,2020-12-22 02:10:22.676210,10.69.161.99
463,32,15,0,2,1,5,2,1,1,0,2,2,2020-12-22 02:10:29.681801,10.69.161.99
464,32,16,2,1,1,5,2,1,1,0,1,1,2020-12-22 02:10:36.424474,10.69.161.99
465,32,17,0,2,1,3,1,0,1,2,0,2,2020-12-22 02:10:42.723906,10.69.161.99
466,32,18,2,2,0,3,2,0,1,2,1,2,2020-12-22 02:10:47.417509,10.69.161.99
467,32,19,0,2,1,3,1,2,1,2,0,2,2020-12-22 02:10:51.756234,10.69.161.99
468,32,20,1,2,2,0,2,2,1,2,2,1,2020-12-22 02:10:55.506175,10.69.161.99
469,32,21,2,0,2,0,0,0,1,2,2,1,2020-12-22 02:10:59.487381,10.69.161.99
470,32,22,1,1,0,0,1,1,1,2,1,2,2020-12-22 02:11:05.612429,10.69.161.99
471,32,23,0,0,0,0,0,0,1,2,1,2,2020-12-22 02:11:09.463357,10.69.161.99
472,32,24,1,2,2,0,2,2,1,2,1,2,2020-12-22 02:11:15.296206,10.69.161.99
473,33,0,1,2,2,0,2,0,0,0,0,0,2020-12-22 21:28:06.000000,10.61.245.89
474,33,1,2,0,2,0,0,0,2,2,0,0,2020-12-22 21:28:13.829944,10.61.245.89
475,33,2,1,1,0,0,1,1,0,2,0,0,2020-12-22 21:28:17.692153,10.61.245.89
476,33,3,0,0,0,3,0,1,2,0,0,0,2020-12-22 21:28:20.558245,10.61.245.89
477,33,4,2,0,2,1,2,0,2,1,0,0,2020-12-22 21:28:24.306689,10.61.245.89
478,33,5,2,2,0,1,1,2,0,1,1,1,2020-12-22 21:28:29.012703,10.61.245.89
479,33,6,0,2,1,1,1,2,0,1,0,0,2020-12-22 21:28:34.364878,10.61.245.89
480,33,7,2,2,0,0,2,0,0,1,1,0,2020-12-22 21:28:47.734783,10.61.245.89
481,33,8,2,2,0,1,1,2,0,1,1,1,2020-12-22 21:28:52.796892,10.61.245.89
482,33,9,1,0,1,2,1,0,0,1,1,1,2020-12-22 21:28:59.962138,10.61.245.89
483,33,10,0,0,0,2,0,1,0,1,0,2,2020-12-22 21:29:06.228877,10.61.245.89
484,33,11,1,0,1,1,2,0,0,1,2,2,2020-12-22 21:29:10.317211,10.61.245.89
485,33,12,2,0,2,0,0,1,0,1,2,1,2020-12-22 21:29:13.665672,10.61.245.89
486,33,13,0,1,2,0,1,1,0,1,2,1,2020-12-22 21:29:17.843695,10.61.245.89
487,33,14,1,2,2,0,2,2,0,1,0,0,2020-12-22 21:29:21.179160,10.61.245.89
488,33,15,2,0,2,0,0,0,0,1,1,2,2020-12-22 21:29:47.120304,10.61.245.89
489,33,16,1,1,0,0,1,1,0,1,2,0,2020-12-22 21:29:49.539242,10.61.245.89
490,33,17,1,0,1,0,0,0,0,1,0,0,2020-12-22 21:29:55.305905,10.61.245.89
491,33,18,0,0,0,0,0,0,0,1,0,1,2020-12-22 21:30:01.401850,10.61.245.89
492,33,19,2,2,0,0,2,0,0,1,2,2,2020-12-22 21:30:43.166923,10.61.245.89
493,33,20,0,1,2,0,1,2,0,1,1,2,2020-12-22 21:30:48.170051,10.61.245.89
494,33,21,1,2,2,0,2,0,0,1,1,2,2020-12-22 21:32:35.356132,10.61.245.89
495,33,22,1,0,1,0,0,0,0,1,0,2,2020-12-22 21:32:48.770755,10.61.245.89
496,33,23,0,0,0,0,0,0,2,1,0,0,2020-12-22 21:32:56.527828,10.61.245.89
497,33,24,2,2,0,0,2,2,2,1,1,0,2020-12-22 21:33:02.182962,10.61.245.89
498,33,25,1,1,0,0,1,2,0,1,1,1,2020-12-22 21:33:07.406858,10.61.245.89
499,33,26,1,0,1,0,0,1,2,1,1,1,2020-12-22 21:33:14.015854,10.61.245.89
500,33,27,2,0,2,0,0,1,2,1,2,1,2020-12-22 21:33:20.893003,10.61.245.89
501,34,0,0,1,2,0,1,0,0,0,0,0,2020-12-23 14:04:01.000000,10.181.29.40
502,34,1,1,2,2,0,2,0,1,1,0,0,2020-12-23 14:04:03.586626,10.16.178.50
503,34,2,0,0,0,0,0,0,2,1,0,0,2020-12-23 14:04:04.996734,10.181.29.40
504,34,3,2,2,0,3,2,0,1,2,0,0,2020-12-23 14:04:08.825280,10.16.178.50
505,34,4,0,2,1,1,1,2,1,2,0,0,2020-12-23 14:04:11.288983,10.181.29.40
506,34,5,0,0,0,4,2,2,1,2,0,2,2020-12-23 14:04:13.502585,10.16.178.50
507,34,6,0,1,2,2,2,0,1,2,0,1,2020-12-23 14:04:14.617704,10.181.29.40
508,34,7,0,1,2,2,1,1,1,2,1,2,2020-12-23 14:04:16.354513,10.16.178.50
509,34,8,1,1,0,2,1,1,1,2,1,0,2020-12-23 14:04:17.923917,10.181.29.40
510,34,9,1,1,0,2,0,2,1,0,1,1,2020-12-23 14:04:20.973299,10.16.178.50
511,34,10,2,1,1,2,0,2,1,0,2,0,2020-12-23 14:04:26.497287,10.181.29.40
512,34,11,0,1,2,1,1,1,1,0,2,0,2020-12-23 14:04:32.311838,10.16.178.50
513,34,12,1,2,2,1,2,2,1,0,2,0,2020-12-23 14:04:36.855254,10.181.29.40
514,34,13,0,0,0,1,0,0,1,0,0,0,2020-12-23 14:04:38.407326,10.16.178.50
515,34,14,0,2,1,1,2,2,1,0,2,0,2020-12-23 14:04:40.223371,10.181.29.40
516,34,15,2,1,1,2,2,2,1,0,0,1,2020-12-23 14:04:43.665977,10.16.178.50
517,34,16,2,1,1,2,1,2,1,0,1,2,2020-12-23 14:04:46.070974,10.181.29.40
518,34,17,0,2,1,1,1,2,1,2,2,0,2020-12-23 14:04:49.279682,10.16.178.50
519,34,18,0,1,2,2,2,1,1,2,0,0,2020-12-23 14:04:54.029238,10.181.29.40
520,34,19,1,1,0,2,2,1,1,2,1,0,2020-12-23 14:04:56.417004,10.16.178.50
521,34,20,0,1,2,2,0,0,1,0,1,2,2020-12-23 14:05:00.545894,10.181.29.40
522,34,21,0,1,2,2,2,2,1,0,2,0,2020-12-23 14:05:03.776565,10.16.178.50
523,35,0,2,0,2,0,0,0,0,0,0,0,2020-12-23 14:11:47.000000,10.43.233.181
524,35,1,1,1,0,0,1,0,0,0,0,0,2020-12-23 14:13:07.766584,10.35.248.8
525,35,2,2,0,2,0,0,1,0,2,0,0,2020-12-23 14:13:09.695434,10.43.233.181
526,35,3,0,1,2,0,1,1,0,2,0,0,2020-12-23 14:13:11.596007,10.35.248.8
527,35,4,1,2,2,0,2,2,0,1,0,0,2020-12-23 14:13:45.246186,10.43.233.181
528,35,5,0,0,0,0,0,0,0,1,1,0,2020-12-23 14:13:47.336302,10.35.248.8
529,35,6,0,2,1,4,2,2,0,1,2,1,2020-12-23 14:13:49.923918,10.43.233.181
530,35,7,1,1,0,5,2,2,1,2,1,1,2020-12-23 14:13:52.181691,10.35.248.8
531,35,8,0,0,0,3,0,0,2,0,1,1,2020-12-23 14:14:04.400266,10.43.233.181
532,35,9,2,2,0,5,2,0,1,0,1,2,2020-12-23 14:15:35.454981,10.35.248.8
533,35,10,1,2,2,3,1,2,1,2,1,0,2020-12-23 14:15:37.957422,10.43.233.181
534,35,11,0,0,0,3,0,1,2,0,1,0,2020-12-23 14:15:40.883190,10.35.248.8
535,35,12,0,0,0,1,2,0,1,0,2,0,2020-12-23 14:15:44.781016,10.43.233.181
536,35,13,2,0,2,1,2,0,1,0,1,2,2020-12-23 14:16:39.288913,10.35.248.8
537,35,14,2,2,0,1,1,2,1,2,1,1,2020-12-23 14:17:26.478426,10.43.233.181
538,35,15,1,2,2,1,1,2,1,2,0,2,2020-12-23 14:17:47.522356,10.35.248.8
539,35,16,1,2,2,1,0,2,1,2,0,0,2020-12-23 14:18:02.965502,10.43.233.181
540,35,17,0,1,2,1,0,1,2,0,1,1,2020-12-23 14:18:05.364231,10.35.248.8
541,35,18,0,1,2,1,2,1,1,0,1,1,2020-12-23 14:18:08.886685,10.43.233.181
542,35,19,0,0,0,1,2,0,1,0,2,0,2020-12-23 14:18:10.962986,10.35.248.8
543,36,0,0,0,0,0,0,0,0,0,0,0,2020-12-31 13:16:36.000000,10.143.30.109
544,36,1,2,2,0,0,2,0,1,1,0,0,2020-12-31 13:16:42.504342,10.143.30.109
545,36,2,0,2,1,1,1,2,0,1,0,0,2020-12-31 13:16:45.390163,10.143.30.109
546,36,3,2,2,0,0,2,2,1,0,0,0,2020-12-31 13:16:48.634553,10.143.30.109
547,36,4,1,1,0,3,1,2,0,1,0,0,2020-12-31 13:16:52.209192,10.143.30.109
548,36,5,2,0,2,4,0,1,0,2,0,1,2020-12-31 13:16:54.859408,10.143.30.109
549,36,6,2,2,0,4,1,1,0,2,2,0,2020-12-31 13:16:57.442909,10.143.30.109
550,36,7,0,2,1,4,1,2,0,2,2,1,2020-12-31 13:17:00.102552,10.143.30.109
551,36,8,1,1,0,5,2,2,0,2,2,1,2020-12-31 13:17:03.609044,10.143.30.109
552,36,9,0,0,0,0,0,0,0,2,0,1,2020-12-31 13:17:09.870142,10.143.30.109
553,36,10,2,1,1,5,2,2,0,2,1,1,2020-12-31 13:17:16.551720,10.143.30.109
554,36,11,2,1,1,0,1,1,0,2,1,0,2020-12-31 13:17:20.792125,10.143.30.109
555,36,12,0,0,0,5,1,2,0,2,0,0,2020-12-31 13:17:23.528596,10.143.30.109
556,36,13,2,2,0,5,2,0,0,2,0,2,2020-12-31 13:17:26.598212,10.143.30.109
557,36,14,0,0,0,2,1,2,0,2,1,1,2020-12-31 13:17:29.982728,10.143.30.109
558,36,15,0,2,1,5,2,2,0,2,1,2,2020-12-31 13:17:32.425791,10.143.30.109
559,36,16,1,0,1,4,2,2,0,2,0,1,2020-12-31 13:17:34.991643,10.143.30.109
560,36,17,2,0,2,0,0,0,0,2,1,2,2020-12-31 13:17:39.907718,10.143.30.109
561,36,18,0,1,2,0,1,1,0,2,1,2,2020-12-31 13:17:42.596368,10.143.30.109
562,36,19,0,2,1,0,2,2,0,2,0,1,2020-12-31 13:17:46.050103,10.143.30.109
563,36,20,2,2,0,0,2,2,1,2,2,2,2020-12-31 13:17:49.955840,10.143.30.109
564,36,21,2,1,1,0,1,1,0,2,0,2,2020-12-31 13:17:52.491614,10.143.30.109
565,36,22,2,0,2,4,1,0,0,2,0,2,2020-12-31 13:17:55.932264,10.143.30.109
566,36,23,1,0,1,4,0,0,0,2,0,2,2020-12-31 13:17:58.144300,10.143.30.109
567,36,24,0,2,1,5,0,2,0,2,1,2,2020-12-31 13:18:01.457091,10.143.30.109
568,37,0,1,2,2,0,2,0,0,0,0,0,2021-01-03 21:44:43.000000,10.35.183.55
569,37,1,0,0,0,0,0,0,2,2,0,0,2021-01-03 21:44:46.127778,10.35.183.55
570,37,2,0,2,1,0,2,0,2,1,0,0,2021-01-03 21:44:48.456155,10.35.183.55
571,37,3,2,2,0,3,2,1,1,2,0,0,2021-01-03 21:44:50.692764,10.35.183.55
572,37,4,2,2,0,3,1,2,1,2,0,0,2021-01-03 21:44:52.356180,10.35.183.55
573,37,5,1,0,1,4,1,0,0,2,0,1,2021-01-03 21:44:56.819310,10.35.183.55
574,37,6,1,1,0,3,0,2,0,1,0,2,2021-01-03 21:44:58.215745,10.35.183.55
575,37,7,2,1,1,5,0,1,2,1,2,1,2021-01-03 21:45:00.135838,10.35.183.55
576,37,8,0,1,2,3,1,0,0,1,2,1,2021-01-03 21:45:01.772311,10.35.183.55
577,37,9,1,1,0,3,2,2,0,1,0,0,2021-01-03 21:45:03.786684,10.35.183.55
578,37,10,2,0,2,0,0,0,2,1,1,2,2021-01-03 21:45:06.927194,10.35.183.55
579,37,11,2,1,1,0,1,1,0,1,2,2,2021-01-03 21:45:08.854904,10.35.183.55
580,37,12,1,1,0,0,1,1,0,1,1,1,2021-01-03 21:45:10.885032,10.35.183.55
581,37,13,1,0,1,0,0,0,0,1,2,1,2021-01-03 21:45:12.678121,10.35.183.55
582,37,14,2,0,2,0,0,2,2,1,0,0,2021-01-03 21:45:14.849015,10.35.183.55
583,37,15,2,1,1,0,1,0,0,1,2,0,2021-01-03 21:45:17.494774,10.35.183.55
584,37,16,2,0,2,5,1,0,0,1,2,0,2021-01-03 21:45:19.328557,10.35.183.55
585,37,17,1,1,0,5,0,0,0,1,2,1,2021-01-03 21:45:23.718051,10.35.183.55
586,37,18,0,2,1,5,0,2,0,1,0,2,2021-01-03 21:45:26.750084,10.35.183.55
587,37,19,0,1,2,5,2,1,0,1,0,1,2021-01-03 21:45:30.563426,10.35.183.55
588,37,20,1,0,1,5,2,0,0,1,1,0,2021-01-03 21:45:34.935679,10.35.183.55
589,37,21,1,0,1,5,0,1,0,1,1,0,2021-01-03 21:45:37.530562,10.35.183.55
590,37,22,2,2,0,4,0,2,2,1,2,1,2021-01-03 21:45:39.876168,10.35.183.55
591,37,23,0,2,1,4,1,1,0,1,2,2,2021-01-03 21:45:45.583098,10.35.183.55
592,37,24,0,2,1,1,2,2,0,1,2,1,2021-01-03 21:45:53.488849,10.35.183.55
593,37,25,2,1,1,3,2,2,0,1,1,1,2021-01-03 21:45:58.077150,10.35.183.55
594,38,0,2,0,2,0,0,0,0,0,0,0,2021-01-20 15:29:44.112406,127.0.0.1
595,38,1,0,1,2,0,1,0,0,0,0,0,2021-01-20 15:29:47.865091,127.0.0.1
596,38,2,0,2,1,0,2,2,0,1,0,0,2021-01-20 15:29:50.261240,127.0.0.1
597,38,3,0,0,0,3,2,1,1,0,0,0,2021-01-20 15:29:52.848941,127.0.0.1
598,38,4,1,1,0,2,1,1,1,0,0,0,2021-01-20 15:29:56.745133,127.0.0.1
599,38,5,1,1,0,4,0,0,1,2,1,1,2021-01-20 15:29:59.202284,127.0.0.1
600,38,6,2,1,1,2,0,2,1,0,2,0,2021-01-20 15:30:00.903047,127.0.0.1
601,38,7,1,1,0,5,1,1,1,2,2,1,2021-01-20 15:30:03.002788,127.0.0.1
602,38,8,2,0,2,3,0,0,2,0,2,1,2021-01-20 15:30:05.024827,127.0.0.1
603,38,9,2,1,1,3,1,1,0,1,0,1,2021-01-20 15:31:10.064836,127.0.0.1
604,38,10,2,2,0,4,1,1,0,1,2,1,2021-01-20 15:31:35.773824,127.0.0.1
605,38,11,1,0,1,4,0,0,0,1,0,1,2021-01-20 15:31:40.811144,127.0.0.1
606,38,12,1,0,1,4,0,2,0,1,0,0,2021-01-20 15:31:51.329236,127.0.0.1
607,38,13,0,1,2,3,0,2,0,1,2,1,2021-01-20 15:31:59.026222,127.0.0.1
608,38,14,0,1,2,3,2,1,0,1,2,1,2021-01-20 15:32:05.995923,127.0.0.1
609,38,15,2,1,1,3,2,0,0,1,2,0,2021-01-20 15:32:20.118573,127.0.0.1
610,38,16,1,1,0,3,1,0,0,1,1,0,2021-01-20 15:33:20.697514,127.0.0.1
611,38,17,1,1,0,3,0,1,0,1,2,2,2021-01-20 15:33:22.482187,127.0.0.1
612,38,18,2,1,1,3,0,1,2,1,0,2,2021-01-20 15:33:24.927062,127.0.0.1
613,38,19,2,2,0,5,1,2,0,1,2,2,2021-01-20 15:33:26.733338,127.0.0.1
614,38,20,0,0,0,5,1,0,0,1,2,0,2021-01-20 15:33:31.237664,127.0.0.1
615,38,21,2,1,1,5,2,2,0,1,0,1,2021-01-20 15:33:35.092157,127.0.0.1
616,38,22,2,0,2,2,1,1,0,1,0,1,2021-01-20 15:33:38.834933,127.0.0.1
617,38,23,1,0,1,2,1,0,0,1,0,2,2021-01-20 15:33:40.820923,127.0.0.1
618,38,24,1,0,1,2,0,1,0,1,0,2,2021-01-20 15:33:45.748078,127.0.0.1
619,39,0,0,2,1,0,2,0,0,0,0,0,2021-01-20 23:34:58.000000,10.13.211.10
620,39,1,0,2,1,0,2,0,1,1,0,0,2021-01-20 23:35:03.994910,10.13.211.10
621,39,2,2,1,1,2,2,1,1,1,0,0,2021-01-20 23:35:08.862777,10.13.211.10
622,39,3,1,1,0,0,1,2,1,0,0,0,2021-01-20 23:35:12.678429,10.13.211.10
623,39,4,2,1,1,1,0,1,1,2,0,0,2021-01-20 23:35:17.078318,10.13.211.10
624,39,5,1,2,2,4,1,1,0,2,2,0,2021-01-20 23:35:20.835002,10.13.211.10
625,39,6,0,0,0,4,0,1,0,1,0,1,2021-01-20 23:35:24.312879,10.13.211.10
626,39,7,1,2,2,4,2,0,1,2,2,1,2021-01-20 23:35:27.572789,10.13.211.10
627,39,8,0,0,0,4,0,0,2,0,0,1,2021-01-20 23:35:32.327209,10.13.211.10
628,39,9,0,1,2,4,2,0,1,0,1,0,2021-01-20 23:35:34.361823,10.13.211.10
629,39,10,2,0,2,4,2,0,1,0,0,1,2021-01-20 23:35:36.670123,10.13.211.10
630,39,11,2,1,1,4,1,2,1,2,1,0,2021-01-20 23:35:42.619036,10.13.211.10
631,39,12,1,2,2,3,1,2,1,2,2,0,2021-01-20 23:35:46.340933,10.13.211.10
632,39,13,0,2,1,3,0,2,1,2,0,2,2021-01-20 23:35:50.585235,10.13.211.10
633,39,14,0,1,2,4,2,0,1,2,1,2,2021-01-20 23:36:06.552307,10.13.211.10
634,39,15,2,1,1,4,2,0,1,2,1,1,2021-01-20 23:36:11.222746,10.13.211.10
635,39,16,1,0,1,4,1,2,1,2,0,0,2021-01-20 23:36:14.997431,10.13.211.10
636,39,17,2,1,1,1,0,1,1,2,2,0,2021-01-20 23:36:22.186972,10.13.211.10
637,39,18,0,2,1,3,1,2,1,2,2,2,2021-01-20 23:36:28.614113,10.13.211.10
