,record,game_id,n,p1,p2,winner,model_choice,model0,model1,model2,model3,model4
0,1,0,0,1,0,1,0,0,0,0,0,0
1,1,0,1,2,0,2,0,0,0,2,2,0
2,1,0,2,1,1,0,0,1,1,0,2,0
3,1,0,3,1,0,1,3,1,0,2,0,0
4,1,0,4,1,2,2,0,2,0,2,0,0
5,1,0,5,0,2,1,0,2,2,2,0,0
6,1,0,6,0,1,2,0,1,2,2,1,0
7,1,0,7,2,1,1,0,1,2,2,0,1
8,1,1,0,2,0,2,0,0,0,0,0,0
9,1,1,1,1,0,1,0,0,1,0,0,0
10,1,1,2,1,0,1,1,1,0,0,2,0
11,1,1,3,0,0,0,3,2,0,2,0,0
12,1,1,4,1,1,0,3,0,2,2,1,0
13,1,1,5,2,0,2,1,2,0,2,1,0
14,1,1,6,0,1,2,1,1,1,2,1,0
15,1,1,7,2,2,0,1,2,2,2,1,1
16,1,1,8,1,1,0,1,1,1,0,1,0
17,1,1,9,2,0,2,1,1,0,2,1,2
18,1,2,0,2,0,2,0,0,0,0,0,0
19,1,2,1,2,0,2,0,0,1,0,0,0
20,1,2,2,1,0,1,0,0,1,0,0,0
21,1,2,3,1,1,0,0,1,0,0,2,0
22,1,2,4,0,2,1,3,2,0,0,2,0
23,1,2,5,0,1,2,3,0,2,0,1,0
24,1,2,6,2,1,1,3,1,2,0,1,0
25,1,2,7,2,0,2,4,2,1,0,1,0
26,1,2,8,1,0,1,4,0,1,0,1,0
27,1,2,9,2,2,0,4,1,0,0,1,2
28,1,2,10,0,0,0,2,0,1,0,1,0
29,1,2,11,0,0,0,2,2,2,0,1,1
30,1,2,12,2,0,2,4,2,2,0,2,0
31,1,2,13,1,0,1,4,1,1,0,2,0
32,1,2,14,1,2,2,4,1,0,0,1,2
33,1,3,0,2,0,2,0,0,0,0,0,0
34,1,3,1,2,0,2,0,0,1,0,0,0
35,1,3,2,1,0,1,0,0,1,0,0,0
36,1,3,3,1,1,0,0,1,0,0,2,0
37,1,3,4,2,2,0,3,2,0,0,2,0
38,1,3,5,0,2,1,3,2,1,0,2,0
39,1,3,6,0,2,1,1,2,2,0,1,0
40,1,3,7,1,1,0,3,2,2,0,1,1
41,1,3,8,2,0,2,1,0,0,0,1,1
42,1,3,9,1,1,0,1,1,1,0,1,0
43,1,3,10,2,0,2,1,0,0,0,1,2
44,1,3,11,0,1,2,1,1,1,0,1,0
45,1,3,12,1,2,2,1,2,2,0,1,0
46,1,4,0,0,0,0,0,0,0,0,0,0
47,1,4,1,1,0,1,0,0,2,1,1,0
48,1,4,2,2,0,2,1,0,0,2,1,0
49,1,4,3,1,1,0,1,1,1,0,1,0
50,1,4,4,1,0,1,1,1,0,2,1,0
51,1,4,5,2,0,2,0,0,0,2,1,0
52,1,4,6,1,2,2,0,2,1,2,1,0
53,1,4,7,0,2,1,0,2,0,2,1,2
54,1,4,8,2,0,2,0,0,2,2,1,1
55,1,5,0,2,0,2,0,0,0,0,0,0
56,1,5,1,1,0,1,0,0,1,0,0,0
57,1,5,2,2,0,2,1,1,0,0,2,0
58,1,5,3,1,1,0,1,1,1,0,2,0
59,1,5,4,1,0,1,1,1,0,0,2,0
60,1,5,5,1,0,1,3,0,0,2,0,0
61,1,5,6,1,0,1,3,2,2,2,0,0
62,1,5,7,1,2,2,2,2,2,2,0,2
63,1,5,8,0,2,1,2,2,2,2,0,2
64,1,5,9,0,2,1,2,1,2,2,1,1
65,1,5,10,0,1,2,0,1,2,2,1,1
66,1,5,11,2,1,1,0,1,1,2,0,1
67,2,0,0,1,0,1,0,0,0,0,0,0
68,2,0,1,1,0,1,0,0,0,2,2,0
69,2,0,2,2,2,0,2,2,0,2,2,0
70,2,0,3,0,1,2,1,1,1,2,0,0
71,2,0,4,2,2,0,1,2,2,2,1,0
72,2,0,5,2,1,1,1,1,1,0,1,0
73,2,0,6,2,0,2,2,1,1,0,1,0
74,2,0,7,1,0,1,2,0,0,0,1,0
75,2,0,8,1,0,1,2,2,0,0,1,0
76,2,1,0,2,0,2,0,0,0,0,0,0
77,2,1,1,1,0,1,0,0,1,0,0,0
78,2,1,2,1,0,1,1,1,0,0,2,0
79,2,1,3,0,0,0,3,2,0,2,0,0
80,2,1,4,1,1,0,3,0,2,2,1,0
81,2,1,5,2,0,2,1,2,0,2,1,0
82,2,1,6,1,1,0,1,1,1,2,1,0
83,2,1,7,1,0,1,1,0,0,2,1,2
84,2,1,8,1,2,2,2,0,0,2,1,2
85,2,1,9,0,2,1,2,2,2,2,1,2
86,2,2,0,2,0,2,0,0,0,0,0,0
87,2,2,1,1,0,1,0,0,1,0,0,0
88,2,2,2,0,0,0,1,1,0,0,2,0
89,2,2,3,0,0,0,0,0,2,0,1,0
90,2,2,4,2,1,1,0,1,2,1,2,0
91,2,2,5,2,2,0,3,2,1,0,2,0
92,2,2,6,1,0,1,2,0,1,0,2,0
93,2,2,7,0,1,2,3,1,0,0,1,2
94,2,2,8,2,2,0,3,0,2,0,2,1
95,2,2,9,1,2,2,3,2,1,0,2,0
96,2,2,10,2,1,1,3,1,0,0,1,0
97,2,3,0,2,0,2,0,0,0,0,0,0
98,2,3,1,1,0,1,0,0,1,0,0,0
99,2,3,2,0,0,0,1,1,0,0,2,0
100,2,3,3,0,0,0,0,0,2,0,1,0
101,2,3,4,2,1,1,0,1,2,1,2,0
102,2,3,5,2,2,0,3,2,1,0,2,0
103,2,3,6,1,0,1,2,0,1,0,2,0
104,2,3,7,0,1,2,3,1,0,0,1,2
105,2,3,8,2,2,0,3,0,2,0,2,1
106,2,3,9,1,2,2,3,2,1,0,2,0
107,2,3,10,2,1,1,3,1,0,0,1,0
108,2,3,11,0,1,2,3,2,1,0,1,0
109,2,4,0,2,0,2,0,0,0,0,0,0
110,2,4,1,1,0,1,0,0,1,0,0,0
111,2,4,2,1,0,1,1,1,0,0,2,0
112,2,4,3,2,0,2,3,2,0,2,0,0
113,2,4,4,1,2,2,3,1,1,0,2,0
114,2,4,5,0,0,0,3,2,0,2,0,0
115,2,4,6,0,1,2,3,0,2,2,1,0
116,2,5,0,2,0,2,0,0,0,0,0,0
117,2,5,1,1,0,1,0,0,1,0,0,0
118,2,5,2,1,0,1,1,1,0,0,2,0
119,2,5,3,1,0,1,3,2,0,2,0,0
120,2,5,4,1,2,2,0,2,2,2,0,0
121,2,6,0,2,0,2,0,0,0,0,0,0
122,2,6,1,1,0,1,0,0,1,0,0,0
123,2,6,2,1,0,1,1,1,0,0,2,0
124,2,6,3,1,0,1,3,2,0,2,0,0
125,2,6,4,1,2,2,0,2,2,2,0,0
126,2,6,5,0,2,1,0,2,2,2,0,0
127,2,6,6,0,1,2,0,1,2,2,1,0
128,2,6,7,2,1,1,0,1,2,2,0,1
129,2,6,8,1,1,0,3,2,1,2,1,0
130,2,6,9,0,1,2,0,1,0,2,1,2
131,2,6,10,2,0,2,0,0,2,2,0,0
132,2,6,11,1,2,2,0,2,1,2,1,0
133,2,6,12,2,1,1,0,1,0,2,1,2
134,2,6,13,0,2,1,0,2,1,2,1,1
135,2,6,14,1,1,0,3,2,2,2,1,2
136,2,6,15,1,0,1,0,0,0,2,1,2
137,2,7,0,2,0,2,0,0,0,0,0,0
138,2,7,1,1,0,1,0,0,1,0,0,0
139,2,7,2,1,0,1,1,1,0,0,2,0
140,2,7,3,1,0,1,3,2,0,2,0,0
141,2,7,4,1,2,2,0,2,2,2,0,0
142,2,7,5,0,2,1,0,2,2,2,0,0
143,2,7,6,0,1,2,0,1,2,2,1,0
144,2,7,7,2,1,1,0,1,2,2,0,1
145,2,7,8,1,1,0,3,2,1,2,1,0
146,2,7,9,0,1,2,0,1,0,2,1,2
147,2,7,10,2,0,2,0,0,2,2,0,0
148,2,7,11,1,2,2,0,2,1,2,1,0
149,2,7,12,2,1,1,0,1,0,2,1,2
150,2,7,13,0,2,1,0,2,1,2,1,1
151,2,7,14,1,1,0,3,2,2,2,1,2
152,2,7,15,1,0,1,0,0,0,2,1,2
153,2,7,16,1,1,0,3,0,0,2,1,2
154,2,8,0,0,0,0,0,0,0,0,0,0
155,2,8,1,1,0,1,0,0,2,1,1,0
156,2,8,2,2,0,2,1,0,0,2,1,0
157,2,8,3,1,1,0,1,1,1,0,1,0
158,2,8,4,2,0,2,1,1,0,2,1,0
159,2,8,5,0,1,2,1,1,1,0,1,0
160,2,8,6,0,2,1,1,2,2,0,1,0
161,2,8,7,1,2,2,1,2,2,1,2,1
162,2,8,8,0,0,0,1,0,0,2,0,2
163,2,8,9,0,2,1,1,1,2,1,0,2
164,2,8,10,1,2,2,0,2,2,1,0,1
165,2,9,0,1,0,1,0,0,0,0,0,0
166,2,9,1,2,0,2,0,0,0,2,2,0
167,2,9,2,1,1,0,0,1,1,0,2,0
168,2,9,3,1,0,1,3,1,0,2,0,0
169,2,9,4,1,2,2,0,2,0,2,0,0
170,2,9,5,0,2,1,0,2,2,2,0,0
171,2,9,6,2,1,1,0,1,2,2,1,0
172,2,9,7,2,0,2,4,2,1,2,1,0
173,2,9,8,1,0,1,4,2,1,2,1,0
174,2,9,9,0,2,1,4,1,0,2,1,2
175,2,9,10,2,0,2,0,0,2,2,1,2
176,2,9,11,1,2,2,0,2,1,2,1,0
177,2,9,12,1,1,0,0,1,0,2,1,2
178,2,9,13,2,1,1,0,1,0,2,1,2
179,2,9,14,1,2,2,2,2,1,2,1,0
180,2,9,15,0,2,1,2,2,0,2,1,2
181,2,10,0,0,0,0,0,0,0,0,0,0
182,2,10,1,0,0,0,0,0,2,1,1,0
183,2,10,2,1,1,0,2,1,2,1,1,0
184,2,10,3,2,0,2,1,0,0,1,2,0
185,2,10,4,0,1,2,1,1,1,1,2,0
186,2,10,5,1,2,2,1,2,2,1,2,0
187,2,10,6,2,0,2,1,0,0,1,0,0
188,2,10,7,2,1,1,1,1,1,1,2,0
189,2,10,8,1,0,1,4,1,1,0,2,0
190,2,10,9,1,1,0,3,0,0,0,1,2
191,2,10,10,0,2,1,4,2,0,2,1,2
192,2,10,11,0,0,0,3,0,2,2,0,1
193,2,10,12,1,0,1,3,1,2,1,0,1
194,2,10,13,2,0,2,4,1,0,2,0,0
195,2,10,14,2,0,2,4,1,1,2,0,0
196,2,10,15,1,2,2,4,1,1,0,1,2
197,3,0,0,2,0,2,0,0,0,0,0,0
198,3,0,1,1,0,1,0,0,1,0,0,0
199,3,0,2,0,0,0,1,1,0,0,2,0
200,3,0,3,1,0,1,0,0,2,0,1,0
201,3,0,4,2,0,2,1,0,0,2,1,0
202,3,0,5,1,1,0,1,1,1,0,1,0
203,3,0,6,0,0,0,1,0,0,2,1,0
204,3,0,7,1,2,2,1,0,2,2,1,1
205,3,0,8,2,0,2,1,1,0,2,1,2
206,3,0,9,2,1,1,1,1,1,2,1,2
207,3,0,10,1,1,0,1,1,1,0,1,0
208,3,0,11,2,0,2,1,0,0,2,1,2
209,3,1,0,2,0,2,0,0,0,0,0,0
210,3,1,1,1,0,1,0,0,1,0,0,0
211,3,1,2,1,0,1,1,1,0,0,2,0
212,3,1,3,0,0,0,3,2,0,2,0,0
213,3,1,4,0,1,2,3,0,2,2,1,0
214,3,1,5,2,0,2,3,1,2,2,0,0
215,3,1,6,2,1,1,3,2,1,0,1,0
216,3,1,7,1,0,1,4,0,1,0,1,0
217,3,1,8,1,1,0,3,1,0,0,1,0
218,3,1,9,0,1,2,3,2,0,2,1,2
219,3,1,10,0,1,2,3,0,2,2,1,1
220,3,2,0,1,1,0,0,1,0,0,0,0
221,3,2,1,2,0,2,0,0,0,2,2,0
222,3,2,2,1,1,0,0,1,1,0,2,0
223,3,2,3,2,0,2,3,1,0,2,0,0
224,3,2,4,1,2,2,3,1,1,0,2,0
225,3,2,5,1,0,1,3,1,0,2,0,0
226,3,2,6,1,0,1,3,0,0,2,0,0
227,3,2,7,1,2,2,2,2,2,2,0,2
228,3,2,8,1,2,2,2,2,2,2,0,2
229,3,2,9,2,2,0,2,2,2,2,0,2
230,3,2,10,1,2,2,2,0,1,2,0,0
231,3,2,11,1,2,2,2,2,0,2,0,2
232,3,2,12,1,2,2,2,0,0,2,0,2
233,3,2,13,1,2,2,2,2,2,2,0,2
234,3,2,14,1,2,2,2,2,2,2,0,2
235,3,3,0,1,2,2,0,2,0,0,0,0
236,3,3,1,2,1,1,0,1,0,2,2,0
237,3,3,2,1,1,0,1,1,1,0,2,0
238,3,3,3,0,0,0,3,1,0,2,0,0
239,3,3,4,2,0,2,0,0,2,2,1,0
240,3,3,5,2,2,0,0,2,1,0,1,0
241,3,3,6,2,2,0,0,2,1,0,1,0
242,3,3,7,2,0,2,4,0,0,0,1,0
243,3,3,8,1,0,1,4,0,0,0,1,0
244,3,3,9,0,0,0,4,2,0,0,1,0
245,3,3,10,0,1,2,4,0,2,0,1,1
246,3,3,11,2,2,0,4,0,2,0,1,2
247,3,3,12,2,0,2,4,2,1,0,1,0
248,3,3,13,1,0,1,4,0,1,0,1,0
249,3,3,14,2,2,0,4,1,0,0,1,2
250,3,3,15,0,0,0,2,0,1,0,1,2
251,3,3,16,2,0,2,2,2,2,0,1,1
252,3,3,17,1,0,1,2,1,1,0,1,1
253,3,3,18,0,0,0,2,1,0,0,1,2
254,3,3,19,1,0,1,2,0,2,0,1,1
255,3,3,20,2,0,2,1,1,0,0,1,2
256,3,3,21,1,1,0,1,1,1,0,1,0
257,3,3,22,2,0,2,1,0,0,0,1,2
258,3,3,23,1,1,0,1,1,1,0,1,2
259,3,3,24,2,0,2,1,1,0,0,1,2
260,3,3,25,1,1,0,1,1,1,0,1,2
261,3,3,26,0,0,0,1,1,0,0,1,2
262,3,3,27,1,2,2,1,0,2,0,1,1
263,3,3,28,2,0,2,1,1,0,0,1,2
264,3,3,29,0,1,2,1,1,1,0,1,0
265,3,3,30,0,2,1,1,2,2,0,1,1
266,3,3,31,1,2,2,1,2,2,0,1,1
267,3,3,32,0,0,0,1,0,0,0,1,0
268,3,3,33,1,2,2,1,1,2,0,1,0
269,3,3,34,2,0,2,1,0,0,0,1,0
270,3,3,35,1,1,0,1,1,1,0,1,0
271,3,3,36,1,0,1,1,0,0,0,1,2
272,3,3,37,2,0,2,1,0,0,0,1,0
273,3,3,38,1,1,0,1,2,1,0,1,2
274,3,3,39,2,0,2,1,2,0,0,1,2
275,3,3,40,2,1,1,1,1,1,0,1,0
276,3,3,41,0,1,2,1,2,1,0,1,1
277,3,3,42,2,2,0,1,2,2,0,1,0
278,3,3,43,1,1,0,1,0,1,0,1,0
279,3,3,44,0,0,0,1,1,0,0,1,0
280,3,3,45,0,2,1,1,0,2,0,1,1
281,3,3,46,0,2,1,1,0,2,0,1,1
282,3,3,47,2,1,1,4,1,1,0,1,1
283,3,3,48,2,0,2,4,0,1,0,1,0
284,3,3,49,1,0,1,4,0,1,0,1,0
285,3,3,50,0,0,0,4,1,0,0,1,0
286,3,3,51,1,0,1,4,0,2,0,1,0
287,3,3,52,0,2,1,4,1,0,0,1,2
288,3,3,53,1,2,2,1,0,2,0,1,1
289,3,4,0,1,2,2,0,2,0,0,0,0
290,3,4,1,2,2,0,0,2,0,2,2,0
291,3,4,2,2,1,1,1,1,1,0,2,0
292,3,4,3,0,0,0,2,0,1,0,2,0
293,3,4,4,0,2,1,1,2,2,0,1,0
294,3,4,5,1,1,0,4,1,2,0,2,1
295,3,4,6,1,1,0,3,0,0,0,1,1
296,3,4,7,2,1,1,3,2,0,2,1,2
297,3,4,8,2,1,1,1,1,1,0,1,2
298,3,4,9,2,0,2,4,0,1,0,1,0
299,3,4,10,0,0,0,4,0,0,0,1,0
300,3,4,11,2,0,2,4,1,2,0,1,0
301,3,4,12,1,0,1,4,0,1,0,1,0
302,3,4,13,1,0,1,4,1,0,0,1,0
303,3,4,14,1,0,1,4,1,0,0,1,0
304,3,4,15,1,1,0,3,2,2,0,1,0
305,3,4,16,0,2,1,0,2,2,2,1,2
306,3,4,17,2,1,1,3,1,2,2,1,2
307,3,4,18,2,1,1,3,2,1,0,1,1
308,3,4,19,1,0,1,2,2,1,0,1,2
309,3,4,20,1,1,0,0,1,0,0,1,0
310,3,4,21,2,2,0,0,2,0,2,1,2
311,3,4,22,0,2,1,0,2,1,0,1,1
312,3,4,23,0,2,1,1,2,2,0,1,0
313,3,4,24,0,1,2,3,2,2,0,1,0
314,3,4,25,2,1,1,3,1,1,0,1,1
315,3,4,26,1,1,0,3,0,1,0,1,1
316,3,4,27,1,1,0,3,1,0,0,1,1
317,3,4,28,2,1,1,3,1,0,2,1,1
318,3,5,0,2,0,2,0,0,0,0,0,0
319,3,5,1,1,0,1,0,0,1,0,0,0
320,3,5,2,0,0,0,1,1,0,0,2,0
321,3,5,3,2,0,2,0,0,2,0,1,0
322,3,5,4,2,2,0,0,2,1,0,1,0
323,3,5,5,2,0,2,2,2,1,0,1,0
324,3,5,6,2,0,2,2,0,0,0,1,0
325,3,5,7,2,0,2,2,0,0,0,1,0
326,3,5,8,2,0,2,2,0,0,0,1,0
327,3,5,9,1,0,1,2,0,0,0,1,0
328,3,5,10,1,0,1,2,2,0,0,1,2
329,3,5,11,1,2,2,4,2,0,0,1,2
330,3,5,12,2,2,0,4,2,2,0,1,2
331,3,5,13,0,2,1,4,0,1,0,1,2
332,3,5,14,1,2,2,0,2,2,0,1,1
333,3,5,15,2,0,2,0,0,0,0,1,1
334,3,5,16,2,1,1,0,1,1,0,1,0
335,3,5,17,0,1,2,0,1,1,0,1,0
336,3,6,0,0,0,0,0,0,0,0,0,0
337,3,6,1,1,0,1,0,0,2,1,1,0
338,3,6,2,2,0,2,1,0,0,2,1,0
339,3,6,3,1,1,0,1,1,1,0,1,0
340,3,6,4,2,0,2,1,1,0,2,1,0
341,3,6,5,0,1,2,1,1,1,0,1,0
342,3,6,6,1,2,2,1,2,2,0,1,0
343,3,6,7,0,0,0,1,0,0,2,1,2
344,3,6,8,1,2,2,1,2,2,2,0,1
345,3,6,9,2,0,2,1,0,0,2,0,1
346,3,6,10,0,1,2,1,1,1,2,1,1
347,3,6,11,0,2,1,1,2,2,2,0,1
348,3,6,12,2,2,0,1,2,2,1,0,1
349,3,6,13,2,1,1,1,1,1,1,2,0
350,3,6,14,0,2,1,3,0,1,0,2,0
351,3,6,15,1,2,2,1,0,2,1,2,1
352,3,6,16,1,0,1,1,0,0,1,2,1
353,3,6,17,2,0,2,3,0,0,2,0,2
354,3,7,0,2,0,2,0,0,0,0,0,0
355,3,7,1,1,0,1,0,0,1,0,0,0
356,3,7,2,1,0,1,1,1,0,0,2,0
357,3,7,3,0,0,0,3,2,0,2,0,0
358,3,7,4,0,1,2,3,0,2,2,1,0
359,3,7,5,1,0,1,3,1,2,2,0,0
360,3,7,6,1,0,1,3,1,0,2,0,0
361,3,7,7,1,2,2,2,2,0,2,0,2
362,3,7,8,2,2,0,2,2,2,2,0,2
363,3,7,9,2,2,0,2,0,1,2,1,0
364,3,7,10,2,0,2,4,0,1,2,1,0
365,3,7,11,1,2,2,4,0,0,2,1,2
366,3,7,12,1,0,1,4,2,0,2,1,0
367,3,7,13,0,2,1,2,2,0,2,1,2
368,3,7,14,2,2,0,2,0,2,2,1,2
369,3,7,15,2,2,0,0,2,1,2,1,0
370,3,7,16,1,2,2,0,2,1,2,1,0
371,3,7,17,1,1,0,0,1,0,2,1,2
372,3,7,18,2,2,0,2,2,0,2,1,2
373,3,7,19,2,2,0,2,2,1,2,1,2
374,3,7,20,1,2,2,2,0,1,2,1,2
375,3,7,21,0,2,1,2,0,0,2,1,0
376,3,7,22,1,2,2,2,0,2,2,1,1
377,3,7,23,1,2,2,2,1,0,2,1,1
378,3,7,24,2,2,0,2,1,0,2,1,2
379,3,7,25,2,2,0,2,1,1,2,1,0
380,3,7,26,2,2,0,2,0,1,2,1,0
381,3,7,27,2,0,2,4,0,0,2,1,0
382,3,8,0,0,0,0,0,0,0,0,0,0
383,3,8,1,2,0,2,0,0,2,1,1,0
384,3,8,2,1,2,2,0,2,1,0,1,0
385,3,8,3,2,1,1,0,1,0,0,1,0
386,3,8,4,0,1,2,1,1,1,0,1,0
387,3,8,5,0,2,1,1,2,2,0,2,0
388,3,8,6,0,2,1,1,2,2,1,2,0
389,3,8,7,2,1,1,2,1,1,1,2,1
390,3,8,8,2,1,1,2,0,1,1,2,0
391,3,8,9,0,0,0,4,0,1,0,2,0
392,3,8,10,0,1,2,4,0,2,1,2,1
393,3,8,11,1,1,0,4,1,2,1,2,1
394,3,8,12,2,0,2,4,0,0,1,2,0
395,3,8,13,0,0,0,4,1,1,1,2,0
396,3,8,14,0,1,2,4,2,2,1,2,1
397,3,8,15,1,2,2,4,2,2,1,2,2
398,3,8,16,0,2,1,4,0,0,1,2,2
399,3,8,17,2,0,2,4,1,2,1,2,0
400,3,8,18,0,0,0,4,2,1,1,2,0
401,3,8,19,0,1,2,4,0,2,1,2,1
402,3,8,20,1,1,0,4,0,2,1,2,1
403,3,8,21,1,0,1,4,0,0,1,2,0
404,3,8,22,2,2,0,4,2,0,1,2,2
405,3,8,23,0,1,2,4,1,1,1,2,1
406,3,9,0,0,0,0,0,0,0,0,0,0
407,3,9,1,2,0,2,0,0,2,1,1,0
408,3,9,2,1,2,2,0,2,1,0,1,0
409,3,9,3,2,1,1,0,1,0,0,1,0
410,3,9,4,0,1,2,1,1,1,0,1,0
411,3,9,5,0,2,1,1,2,2,0,2,0
412,3,9,6,0,2,1,1,2,2,1,2,0
413,3,9,7,2,1,1,2,1,1,1,2,1
414,3,9,8,2,1,1,2,0,1,1,2,0
415,3,9,9,0,0,0,4,0,1,0,2,0
416,3,9,10,0,1,2,4,0,2,1,2,1
417,3,9,11,1,1,0,4,1,2,1,2,1
418,3,9,12,2,0,2,4,0,0,1,2,0
419,3,9,13,0,0,0,4,1,1,1,2,0
420,3,9,14,0,1,2,4,2,2,1,2,1
421,3,9,15,1,2,2,4,2,2,1,2,2
422,3,9,16,0,2,1,4,0,0,1,2,2
423,3,9,17,2,0,2,4,1,2,1,2,0
424,3,9,18,0,0,0,4,2,1,1,2,0
425,3,9,19,0,1,2,4,0,2,1,2,1
426,3,9,20,1,1,0,4,0,2,1,2,1
427,3,9,21,1,0,1,4,0,0,1,2,0
428,3,9,22,2,2,0,4,2,0,1,2,2
429,3,9,23,0,1,2,4,1,1,1,2,1
430,3,9,24,0,1,2,4,2,2,1,2,1
431,3,10,0,0,0,0,0,0,0,0,0,0
432,3,10,1,2,0,2,0,0,2,1,1,0
433,3,10,2,1,2,2,0,2,1,0,1,0
434,3,10,3,2,1,1,0,1,0,0,1,0
435,3,10,4,0,1,2,1,1,1,0,1,0
436,3,10,5,0,2,1,1,2,2,0,2,0
437,3,10,6,0,2,1,1,2,2,1,2,0
438,3,10,7,2,1,1,2,1,1,1,2,1
439,3,10,8,2,1,1,2,0,1,1,2,0
440,3,10,9,0,0,0,4,0,1,0,2,0
441,3,10,10,0,1,2,4,0,2,1,2,1
442,3,10,11,1,1,0,4,1,2,1,2,1
443,3,10,12,2,0,2,4,0,0,1,2,0
444,3,10,13,0,0,0,4,1,1,1,2,0
445,3,10,14,0,1,2,4,2,2,1,2,1
446,3,10,15,1,2,2,4,2,2,1,2,2
447,3,10,16,0,2,1,4,0,0,1,2,2
448,3,10,17,2,0,2,4,1,2,1,2,0
449,3,10,18,0,0,0,4,2,1,1,2,0
450,3,10,19,0,1,2,4,0,2,1,2,1
451,3,10,20,1,1,0,4,0,2,1,2,1
452,3,10,21,1,0,1,4,0,0,1,2,0
453,3,10,22,2,2,0,4,2,0,1,2,2
454,3,10,23,0,1,2,4,1,1,1,2,1
455,3,10,24,0,1,2,4,2,2,1,2,1
456,3,10,25,0,1,2,4,2,2,1,2,1
457,3,11,0,0,0,0,0,0,0,0,0,0
458,3,11,1,2,0,2,0,0,2,1,1,0
459,3,11,2,1,2,2,0,2,1,0,1,0
460,3,11,3,2,1,1,0,1,0,0,1,0
461,3,11,4,0,1,2,1,1,1,0,1,0
462,3,11,5,0,2,1,1,2,2,0,2,0
463,3,11,6,0,2,1,1,2,2,1,2,0
464,3,11,7,2,1,1,2,1,1,1,2,1
465,3,11,8,2,1,1,2,0,1,1,2,0
466,3,11,9,0,0,0,4,0,1,0,2,0
467,3,11,10,0,1,2,4,0,2,1,2,1
468,3,11,11,1,1,0,4,1,2,1,2,1
469,3,11,12,2,0,2,4,0,0,1,2,0
470,3,11,13,0,0,0,4,1,1,1,2,0
471,3,11,14,0,1,2,4,2,2,1,2,1
472,3,11,15,1,2,2,4,2,2,1,2,2
473,3,11,16,0,2,1,4,0,0,1,2,2
474,3,11,17,2,0,2,4,1,2,1,2,0
475,3,11,18,0,0,0,4,2,1,1,2,0
476,3,11,19,0,1,2,4,0,2,1,2,1
477,3,11,20,1,1,0,4,0,2,1,2,1
478,3,11,21,1,0,1,4,0,0,1,2,0
479,3,11,22,2,2,0,4,2,0,1,2,2
480,3,11,23,0,1,2,4,1,1,1,2,1
481,3,11,24,0,1,2,4,2,2,1,2,1
482,3,11,25,0,1,2,4,2,2,1,2,1
483,3,11,26,0,1,2,4,1,1,1,2,1
484,3,12,0,1,0,1,0,0,0,0,0,0
485,3,12,1,0,0,0,0,0,0,2,2,0
486,3,12,2,0,0,0,0,0,2,2,1,0
487,3,12,3,0,2,1,3,1,2,1,2,0
488,3,12,4,2,1,1,0,1,1,1,2,0
489,3,12,5,2,0,2,0,0,1,1,2,0
490,3,12,6,1,0,1,0,0,1,1,2,0
491,3,12,7,1,0,1,0,0,1,1,2,0
492,3,12,8,0,0,0,3,2,0,2,0,2
493,3,12,9,0,0,0,3,0,2,1,0,1
494,3,12,10,2,0,2,3,1,2,1,0,1
495,3,12,11,2,2,0,3,2,1,1,2,0
496,3,12,12,1,2,2,3,2,1,1,2,0
497,3,12,13,1,2,2,3,1,0,1,2,0
498,3,12,14,0,0,0,3,2,0,2,0,2
499,3,12,15,0,0,0,3,0,2,1,0,1
500,3,12,16,0,0,0,3,1,2,1,0,1
501,3,12,17,0,0,0,3,1,1,1,0,1
502,3,12,18,0,0,0,3,1,1,1,0,1
503,3,12,19,0,0,0,3,1,1,1,0,1
504,3,12,20,0,0,0,3,1,1,1,0,1
505,3,12,21,0,1,2,2,1,1,1,0,1
506,3,12,22,2,1,1,2,1,1,1,0,1
507,3,12,23,2,2,0,3,0,1,1,2,0
508,3,12,24,1,0,1,0,0,1,1,2,0
509,3,12,25,1,2,2,3,1,0,1,2,2
510,3,12,26,1,0,1,3,2,0,1,0,2
511,3,12,27,2,2,0,4,2,2,1,0,2
512,3,12,28,0,0,0,3,0,1,1,0,0
513,3,12,29,1,0,1,3,2,2,1,0,1
514,3,12,30,2,0,2,0,0,0,1,0,1
515,3,12,31,1,1,0,0,1,1,1,0,0
516,3,12,32,1,0,1,0,0,0,1,0,2
517,3,13,0,0,0,0,0,0,0,0,0,0
518,3,13,1,0,0,0,0,0,2,1,1,0
519,3,13,2,0,1,2,2,1,2,1,1,0
520,3,13,3,2,1,1,2,1,2,1,1,0
521,3,13,4,1,1,0,2,2,1,1,0,0
522,3,13,5,2,1,1,0,1,0,1,2,0
523,3,13,6,0,1,2,1,2,1,1,2,0
524,3,13,7,2,2,0,1,2,2,1,2,1
525,3,13,8,0,1,2,1,1,1,1,2,0
526,3,13,9,1,2,2,1,2,2,1,2,0
527,3,13,10,1,0,1,1,0,0,1,2,2
528,3,13,11,0,0,0,1,0,0,1,2,2
529,3,13,12,2,2,0,1,2,2,1,2,1
530,3,13,13,0,1,2,1,2,1,1,2,0
531,3,13,14,1,2,2,1,0,2,1,2,1
532,3,13,15,2,0,2,1,0,0,1,2,2
533,3,13,16,2,1,1,1,1,1,1,2,2
534,3,13,17,0,1,2,1,1,1,1,2,1
535,3,13,18,0,2,1,1,2,2,1,2,1
536,3,13,19,1,2,2,1,1,2,1,2,2
537,3,13,20,1,0,1,1,0,0,1,2,2
538,3,13,21,0,2,1,4,2,0,1,2,2
539,3,13,22,2,2,0,1,2,2,1,2,1
540,3,13,23,2,1,1,1,2,1,1,2,1
541,3,13,24,1,1,0,1,2,1,1,2,0
542,3,13,25,2,0,2,1,1,0,1,2,0
543,3,14,0,0,0,0,0,0,0,0,0,0
544,3,14,1,0,0,0,0,0,2,1,1,0
545,3,14,2,0,1,2,2,1,2,1,1,0
546,3,14,3,2,1,1,2,1,2,1,1,0
547,3,14,4,1,1,0,2,2,1,1,0,0
548,3,14,5,2,1,1,0,1,0,1,2,0
549,3,14,6,0,1,2,1,2,1,1,2,0
550,3,14,7,2,2,0,1,2,2,1,2,1
551,3,14,8,0,1,2,1,1,1,1,2,0
552,3,14,9,1,2,2,1,2,2,1,2,0
553,3,14,10,1,0,1,1,0,0,1,2,2
554,3,14,11,0,0,0,1,0,0,1,2,2
555,3,14,12,2,2,0,1,2,2,1,2,1
556,3,14,13,0,1,2,1,2,1,1,2,0
557,3,14,14,1,2,2,1,0,2,1,2,1
558,3,14,15,2,0,2,1,0,0,1,2,2
559,3,14,16,2,1,1,1,1,1,1,2,2
560,3,14,17,0,1,2,1,1,1,1,2,1
561,3,14,18,0,2,1,1,2,2,1,2,1
562,3,14,19,1,2,2,1,1,2,1,2,2
563,3,14,20,1,0,1,1,0,0,1,2,2
564,3,14,21,0,2,1,4,2,0,1,2,2
565,3,14,22,2,2,0,1,2,2,1,2,1
566,3,14,23,2,1,1,1,2,1,1,2,1
567,3,14,24,1,1,0,1,2,1,1,2,0
568,3,14,25,2,0,2,1,1,0,1,2,0
569,3,14,26,2,1,1,1,0,1,1,2,2
570,3,15,0,0,0,0,0,0,0,0,0,0
571,3,15,1,2,0,2,0,0,2,1,1,0
572,3,15,2,1,2,2,0,2,1,0,1,0
573,3,15,3,2,1,1,0,1,0,0,1,0
574,3,15,4,0,1,2,1,1,1,0,1,0
575,3,15,5,2,2,0,1,2,2,0,2,0
576,3,15,6,1,1,0,1,1,1,0,2,0
577,3,15,7,1,0,1,1,1,0,0,1,2
578,3,15,8,1,1,0,3,1,0,0,1,2
579,3,15,9,1,2,2,4,2,2,2,1,2
580,3,15,10,1,2,2,4,2,2,2,1,2
581,3,15,11,1,2,2,4,2,2,2,1,2
582,3,15,12,0,2,1,4,2,2,2,1,2
583,3,15,13,0,2,1,4,1,2,2,1,2
584,3,15,14,0,1,2,0,1,2,2,0,1
585,3,15,15,0,1,2,0,1,1,2,0,1
586,3,15,16,0,1,2,0,1,1,2,0,1
587,3,15,17,2,1,1,0,1,1,2,0,1
588,3,15,18,2,0,2,0,0,1,2,0,0
589,3,16,0,2,0,2,0,0,0,0,0,0
590,3,16,1,1,0,1,0,0,1,0,0,0
591,3,16,2,1,0,1,1,1,0,0,2,0
592,3,16,3,0,0,0,3,2,0,2,0,0
593,3,16,4,2,1,1,3,0,2,2,1,0
594,3,16,5,0,2,1,0,2,1,0,1,0
595,3,16,6,1,2,2,1,0,2,0,1,0
596,3,16,7,1,0,1,1,0,0,2,1,2
597,3,16,8,0,2,1,4,0,0,2,1,2
598,3,16,9,0,0,0,3,2,2,2,0,2
599,3,16,10,2,0,2,3,1,2,2,0,1
600,3,16,11,1,0,1,3,2,1,2,0,0
601,3,16,12,1,0,1,3,1,0,2,0,2
602,3,16,13,0,2,1,2,1,0,2,0,2
603,3,16,14,1,0,1,3,0,2,2,0,2
604,4,0,0,1,1,0,0,1,0,0,0,0
605,4,0,1,2,0,2,0,0,0,2,2,0
606,4,0,2,2,1,1,0,1,1,0,2,0
607,4,0,3,1,0,1,2,1,0,0,2,0
608,4,0,4,1,2,2,3,0,1,0,2,0
609,4,0,5,2,0,2,3,0,2,2,0,2
610,4,0,6,1,2,2,3,1,2,0,2,2
611,4,0,7,0,0,0,3,0,2,2,0,2
612,4,0,8,0,1,2,3,2,0,2,1,0
613,4,0,9,2,1,1,3,2,0,2,1,2
614,4,0,10,2,1,1,3,1,2,0,1,2
615,4,0,11,1,1,0,3,1,0,0,1,1
616,4,0,12,0,1,2,3,0,1,0,1,1
617,4,1,0,0,2,1,0,2,0,0,0,0
618,4,1,1,0,2,1,0,2,0,1,1,0
619,4,1,2,1,1,0,2,2,1,1,1,0
620,4,1,3,2,0,2,0,0,0,1,2,0
621,4,1,4,1,1,0,0,1,1,1,2,0
622,4,1,5,1,0,1,4,0,0,2,0,0
623,4,1,6,1,2,2,5,0,0,2,0,0
624,4,1,7,0,2,1,5,2,2,2,0,0
625,4,1,8,0,1,2,5,2,1,2,0,0
626,4,1,9,2,1,1,5,2,1,2,0,1
627,4,1,10,1,0,1,5,1,2,2,0,1
628,4,2,0,2,0,2,0,0,0,0,0,0
629,4,2,1,1,1,0,0,1,0,0,0,0
630,4,2,2,1,0,1,0,0,1,0,2,0
631,4,2,3,0,0,0,3,0,2,2,0,0
632,4,2,4,0,1,2,3,2,0,2,1,0
633,4,2,5,2,0,2,3,2,1,2,0,1
634,4,2,6,2,1,1,3,1,2,0,1,1
635,4,2,7,1,2,2,5,1,0,0,1,0
636,4,2,8,1,2,2,5,0,1,0,1,1
637,4,2,9,2,1,1,5,0,2,2,1,0
638,4,2,10,1,2,2,5,1,2,0,1,2
639,5,0,0,2,1,1,0,1,0,0,0,0
640,5,0,1,0,1,2,0,1,0,0,0,0
641,5,0,2,0,2,1,0,2,2,0,1,0
642,5,0,3,1,0,1,3,2,1,1,0,0
643,5,0,4,1,0,1,0,0,0,1,2,0
644,5,0,5,2,2,0,4,0,2,2,0,2
645,5,0,6,2,1,1,3,1,1,0,1,2
646,5,1,0,1,0,1,0,0,0,0,0,0
647,5,1,1,2,0,2,0,0,0,2,2,0
648,5,1,2,2,1,1,0,1,1,0,2,0
649,5,1,3,1,0,1,2,1,0,0,2,0
650,5,1,4,1,2,2,3,0,1,0,2,0
651,5,1,5,2,0,2,3,0,2,2,0,2
652,5,1,6,2,2,0,3,1,2,0,2,2
653,5,1,7,1,2,2,3,1,0,0,2,0
654,5,1,8,0,2,1,3,0,0,0,2,2
655,5,1,9,0,1,2,3,2,0,0,1,0
656,5,1,10,1,1,0,3,2,0,0,1,2
657,5,1,11,1,1,0,3,0,1,2,1,1
658,5,1,12,2,1,1,3,0,2,2,1,0
659,5,1,13,2,2,0,4,1,1,2,1,2
660,5,1,14,0,1,2,5,1,0,0,1,2
661,5,1,15,0,0,0,5,2,2,0,1,0
662,5,1,16,1,2,2,5,2,1,0,1,0
663,5,1,17,2,0,2,5,0,0,2,1,1
664,5,1,18,2,1,1,5,1,1,0,1,0
665,5,1,19,2,0,2,5,1,1,0,1,0
666,5,1,20,1,1,0,5,0,0,0,1,2
667,5,1,21,0,0,0,5,0,2,0,1,0
668,5,1,22,0,1,2,5,2,0,0,1,1
669,5,1,23,2,2,0,5,2,0,0,1,2
670,5,1,24,1,1,0,5,1,2,0,1,2
671,5,1,25,1,0,1,5,0,1,0,1,1
672,5,1,26,2,2,0,4,0,1,0,1,2
673,5,1,27,0,2,1,4,1,2,0,1,2
674,5,1,28,0,0,0,4,2,2,0,1,0
675,5,1,29,0,1,2,4,2,2,0,1,1
676,5,1,30,2,1,1,4,1,1,0,1,1
677,5,1,31,2,0,2,5,1,0,0,1,1
678,5,1,32,1,0,1,5,1,0,0,1,1
679,5,1,33,2,2,0,5,0,1,0,1,2
680,5,1,34,0,1,2,5,1,0,0,1,0
681,5,1,35,1,1,0,5,2,2,0,1,1
682,5,1,36,1,1,0,5,0,0,0,1,1
683,5,1,37,2,0,2,5,0,0,0,1,1
684,5,1,38,0,0,0,5,1,1,0,1,2
685,5,1,39,0,1,2,5,2,2,0,1,0
686,5,2,0,2,2,0,0,2,0,0,0,0
687,5,2,1,1,1,0,0,1,0,0,0,0
688,5,2,2,1,0,1,0,0,1,0,2,0
689,5,2,3,2,0,2,3,0,2,2,0,0
690,5,2,4,1,2,2,3,1,1,0,2,0
691,5,2,5,2,0,2,3,0,2,2,0,0
692,5,2,6,0,2,1,3,1,1,0,2,2
693,5,2,7,0,2,1,0,2,2,0,1,2
694,5,2,8,1,1,0,3,2,2,0,1,2
695,5,2,9,2,1,1,3,0,0,2,1,0
696,5,2,10,1,1,0,0,1,1,0,1,0
697,5,2,11,0,0,0,0,0,0,2,1,2
698,5,2,12,0,2,1,0,2,0,2,1,2
699,5,2,13,0,1,2,3,2,0,2,1,0
700,5,2,14,1,0,1,3,1,1,2,0,1
701,5,2,15,1,0,1,3,0,2,2,0,1
702,5,2,16,1,2,2,1,0,2,2,0,1
703,5,2,17,0,2,1,1,2,2,2,0,2
704,5,2,18,0,1,2,1,2,1,2,0,1
705,5,2,19,2,1,1,1,2,1,2,0,2
706,5,2,20,2,2,0,1,1,2,2,0,1
707,5,2,21,1,0,1,3,1,0,2,0,1
708,5,3,0,1,0,1,0,0,0,0,0,0
709,5,3,1,2,0,2,0,0,0,2,2,0
710,5,3,2,0,1,2,0,1,1,0,2,0
711,5,3,3,0,2,1,0,2,2,0,1,0
712,5,3,4,0,2,1,3,2,1,1,2,0
713,5,3,5,1,1,0,4,1,1,1,2,1
714,5,3,6,1,0,1,5,0,2,1,0,1
715,5,3,7,1,2,2,1,0,2,2,0,2
716,5,3,8,2,2,0,1,2,2,2,0,2
717,5,3,9,0,0,0,1,1,0,2,0,2
718,5,3,10,1,2,2,1,2,2,2,0,0
719,5,3,11,2,0,2,1,0,0,2,0,1
720,5,3,12,1,1,0,1,1,1,2,0,0
721,5,3,13,0,0,0,1,0,0,2,0,0
722,5,3,14,0,0,0,1,2,0,2,0,2
723,5,3,15,0,0,0,1,2,0,2,0,2
724,5,3,16,2,1,1,1,1,1,1,0,1
725,5,3,17,2,0,2,1,1,0,1,0,1
726,5,3,18,1,0,1,1,1,0,1,0,0
727,5,3,19,2,1,1,1,0,1,2,0,0
728,5,3,20,2,0,2,3,1,0,2,0,2
729,5,3,21,1,1,0,3,1,2,0,1,2
730,5,3,22,1,0,1,1,0,0,2,1,2
731,5,3,23,2,1,1,3,0,2,2,1,0
732,5,3,24,0,2,1,1,1,2,2,1,0
733,5,4,0,2,1,1,0,1,0,0,0,0
734,5,4,1,2,1,1,0,1,0,0,0,0
735,5,4,2,1,0,1,1,1,0,0,0,0
736,5,4,3,1,0,1,0,0,1,0,2,0
737,5,4,4,0,2,1,3,0,2,0,2,0
738,5,4,5,2,2,0,4,2,0,0,1,2
739,5,4,6,0,0,0,2,1,2,0,1,2
740,5,4,7,1,0,1,5,2,0,0,1,0
741,5,4,8,0,0,0,0,0,0,0,1,1
742,5,4,9,2,2,0,0,2,2,0,1,2
743,5,4,10,2,1,1,0,1,2,0,1,1
744,5,4,11,1,0,1,2,1,2,0,1,0
745,5,4,12,2,0,2,2,0,1,0,1,0
746,5,4,13,0,0,0,2,1,0,0,1,1
747,5,4,14,1,2,2,0,2,2,0,1,1
748,5,4,15,1,0,1,0,0,0,0,1,2
749,5,4,16,0,0,0,0,0,0,0,1,2
750,5,4,17,1,2,2,0,2,2,0,1,1
751,5,4,18,0,0,0,0,0,2,2,1,0
752,5,4,19,1,2,2,0,2,0,2,1,2
753,5,4,20,0,0,0,0,0,0,2,1,0
754,5,4,21,0,2,1,0,2,0,2,0,1
755,5,5,0,1,0,1,0,0,0,0,0,0
756,5,6,0,0,2,1,0,2,0,0,0,0
757,5,7,0,0,1,2,0,1,2,1,2,0
758,5,7,1,0,2,1,0,2,0,1,1,0
759,5,7,2,1,1,0,2,2,1,1,1,0
760,5,7,3,2,0,2,0,0,0,1,2,0
761,5,7,4,2,1,1,0,1,1,1,2,0
762,5,7,5,0,0,0,4,1,1,0,2,0
763,5,7,6,0,2,1,0,2,2,1,2,0
764,5,7,7,1,1,0,2,2,1,1,2,0
765,5,7,8,1,0,1,0,0,0,1,2,1
766,5,7,9,2,0,2,3,0,2,1,0,1
767,5,7,10,2,2,0,3,1,1,1,2,2
768,5,7,11,0,2,1,3,1,0,0,2,0
769,5,7,12,0,1,2,5,2,2,1,2,2
770,5,7,13,1,1,0,5,2,1,1,2,0
771,5,7,14,1,1,0,5,2,1,1,2,0
772,5,7,15,2,0,2,0,0,2,1,0,1
773,5,7,16,0,1,2,0,1,1,1,2,1
774,5,7,17,1,2,2,0,2,2,1,2,0
775,5,7,18,2,0,2,0,0,0,1,0,2
776,5,7,19,0,1,2,0,1,1,1,2,2
777,5,7,20,1,2,2,0,2,2,1,2,1
778,5,8,0,0,1,2,0,1,2,1,2,0
779,5,8,1,0,2,1,0,2,0,1,1,0
780,5,8,2,1,1,0,2,2,1,1,1,0
781,5,8,3,2,0,2,0,0,0,1,2,0
782,5,8,4,2,1,1,0,1,1,1,2,0
783,5,8,5,0,0,0,4,1,1,0,2,0
784,5,8,6,0,2,1,0,2,2,1,2,0
785,5,8,7,1,1,0,2,2,1,1,2,0
786,5,8,8,1,0,1,0,0,0,1,2,1
787,5,8,9,2,0,2,3,0,2,1,0,1
788,5,8,0,0,1,2,0,1,2,1,2,0
789,5,8,10,2,2,0,3,1,1,1,2,2
790,5,8,1,0,2,1,0,2,0,1,1,0
791,5,8,11,0,2,1,3,1,0,0,2,0
792,5,8,2,1,1,0,2,2,1,1,1,0
793,5,8,12,0,1,2,5,2,2,1,2,2
794,5,8,3,2,0,2,0,0,0,1,2,0
795,5,8,13,1,1,0,5,2,1,1,2,0
796,5,8,4,2,1,1,0,1,1,1,2,0
797,5,8,14,1,1,0,5,2,1,1,2,0
798,5,8,5,0,0,0,4,1,1,0,2,0
799,5,8,15,2,0,2,0,0,2,1,0,1
800,5,8,6,0,2,1,0,2,2,1,2,0
801,5,8,16,0,1,2,0,1,1,1,2,1
802,5,8,17,1,2,2,0,2,2,1,2,0
803,5,8,18,2,0,2,0,0,0,1,0,2
804,5,8,19,0,1,2,0,1,1,1,2,2
805,5,8,20,1,2,2,0,2,2,1,2,1
806,5,8,21,0,2,1,0,2,2,1,2,1
807,5,8,22,1,2,2,0,2,2,1,0,0
808,5,8,7,1,1,0,2,2,1,1,2,0
809,5,8,8,1,0,1,0,0,0,1,2,1
810,5,8,9,2,0,2,3,0,2,1,0,1
811,5,8,10,2,2,0,3,1,1,1,2,2
812,5,8,11,0,2,1,3,1,0,0,2,0
813,5,8,12,0,1,2,5,2,2,1,2,2
814,5,8,13,1,1,0,5,2,1,1,2,0
815,5,8,14,1,1,0,5,2,1,1,2,0
816,5,8,15,2,0,2,0,0,2,1,0,1
817,5,8,16,0,1,2,0,1,1,1,2,1
818,5,8,17,1,2,2,0,2,2,1,2,0
819,5,8,18,2,0,2,0,0,0,1,0,2
820,5,8,19,0,1,2,0,1,1,1,2,2
821,5,8,20,1,2,2,0,2,2,1,2,1
822,5,8,21,0,2,1,0,2,2,1,2,1
823,5,8,22,1,2,2,0,2,2,1,0,0
824,5,9,0,0,1,2,0,1,2,1,2,0
825,5,9,1,0,2,1,0,2,0,1,1,0
826,5,9,2,1,1,0,2,2,1,1,1,0
827,5,9,3,2,0,2,0,0,0,1,2,0
828,5,9,4,2,1,1,0,1,1,1,2,0
829,5,9,5,0,0,0,4,1,1,0,2,0
830,5,9,6,0,2,1,0,2,2,1,2,0
831,5,9,7,1,1,0,2,2,1,1,2,0
832,5,9,8,1,0,1,0,0,0,1,2,1
833,5,9,0,0,1,2,0,1,2,1,2,0
834,5,9,9,2,0,2,3,0,2,1,0,1
835,5,9,1,0,2,1,0,2,0,1,1,0
836,5,9,10,2,2,0,3,1,1,1,2,2
837,5,9,2,1,1,0,2,2,1,1,1,0
838,5,9,11,0,2,1,3,1,0,0,2,0
839,5,9,3,2,0,2,0,0,0,1,2,0
840,5,9,12,0,1,2,5,2,2,1,2,2
841,5,9,4,2,1,1,0,1,1,1,2,0
842,5,9,13,1,1,0,5,2,1,1,2,0
843,5,9,5,0,0,0,4,1,1,0,2,0
844,5,9,14,1,1,0,5,2,1,1,2,0
845,5,9,6,0,2,1,0,2,2,1,2,0
846,5,9,15,2,0,2,0,0,2,1,0,1
847,5,9,7,1,1,0,2,2,1,1,2,0
848,5,9,16,0,1,2,0,1,1,1,2,1
849,5,9,8,1,0,1,0,0,0,1,2,1
850,5,9,17,1,2,2,0,2,2,1,2,0
851,5,9,9,2,0,2,3,0,2,1,0,1
852,5,9,18,2,0,2,0,0,0,1,0,2
853,5,9,10,2,2,0,3,1,1,1,2,2
854,5,9,19,0,1,2,0,1,1,1,2,2
855,5,9,11,0,2,1,3,1,0,0,2,0
856,5,9,20,1,2,2,0,2,2,1,2,1
857,5,9,12,0,1,2,5,2,2,1,2,2
858,5,9,21,0,2,1,0,2,2,1,2,1
859,5,9,13,1,1,0,5,2,1,1,2,0
860,5,9,22,1,2,2,0,2,2,1,0,0
861,5,9,14,1,1,0,5,2,1,1,2,0
862,5,9,23,1,2,2,0,2,2,1,0,0
863,5,9,15,2,0,2,0,0,2,1,0,1
864,5,9,24,2,0,2,0,0,1,2,0,1
865,5,9,16,0,1,2,0,1,1,1,2,1
866,5,9,17,1,2,2,0,2,2,1,2,0
867,5,9,18,2,0,2,0,0,0,1,0,2
868,5,9,19,0,1,2,0,1,1,1,2,2
869,5,9,20,1,2,2,0,2,2,1,2,1
870,5,9,21,0,2,1,0,2,2,1,2,1
871,5,9,22,1,2,2,0,2,2,1,0,0
872,5,9,23,1,2,2,0,2,2,1,0,0
873,5,9,24,2,0,2,0,0,1,2,0,1
874,5,10,0,1,1,0,0,1,0,0,0,0
875,5,10,1,2,0,2,0,0,0,2,2,0
876,5,11,0,1,1,0,0,1,0,0,0,0
877,5,11,1,1,0,1,0,0,0,2,2,0
878,5,11,2,1,2,2,2,0,2,2,2,0
879,5,11,3,1,2,2,2,0,2,2,2,0
880,5,11,4,1,2,2,2,2,2,2,2,0
881,5,11,5,1,2,2,2,2,2,2,2,2
882,5,11,6,1,2,2,2,2,2,2,2,2
883,5,11,7,1,2,2,2,2,2,2,2,2
884,5,11,8,1,2,2,2,2,2,2,2,2
885,5,11,9,1,2,2,2,2,2,2,2,2
886,5,11,10,1,2,2,2,2,2,2,2,2
887,5,11,11,1,2,2,2,2,2,2,2,2
888,5,12,0,1,1,0,0,1,0,0,0,0
889,5,12,1,2,0,2,0,0,0,2,2,0
890,5,12,2,1,1,0,0,1,1,0,2,0
891,5,12,3,0,0,0,3,0,1,2,0,0
892,5,12,4,0,0,0,1,2,0,2,1,0
893,5,12,5,0,1,2,4,2,0,2,0,1
894,5,12,6,0,1,2,4,1,1,1,0,1
895,5,12,7,0,1,2,4,1,1,1,0,1
896,5,12,8,0,1,2,4,1,1,1,0,1
897,5,12,9,0,1,2,4,1,1,1,0,1
898,5,12,10,0,1,2,4,1,1,1,0,1
899,5,12,11,0,1,2,4,1,1,1,0,1
900,5,12,12,0,1,2,4,1,1,1,0,1
901,5,12,13,0,1,2,4,1,1,1,0,1
902,5,13,0,1,1,0,0,1,0,0,0,0
903,5,13,1,0,0,0,0,0,0,2,2,0
904,5,13,2,2,2,0,0,2,0,2,1,0
905,5,13,3,1,2,2,1,1,2,0,1,0
906,5,13,4,0,1,2,1,0,1,2,1,0
907,5,13,5,0,0,0,1,2,0,2,0,2
908,5,13,6,0,0,0,1,2,0,1,0,1
909,5,13,7,1,1,0,1,1,1,1,0,2
910,5,13,8,1,1,0,4,0,2,1,0,1
911,5,13,9,2,2,0,1,0,2,2,0,2
912,5,13,10,2,0,2,5,1,1,2,0,2
913,5,13,11,1,1,0,5,1,0,2,0,2
914,5,13,12,0,2,1,5,0,0,2,0,0
915,5,13,13,2,0,2,4,2,0,2,0,0
916,5,13,14,1,1,0,4,1,2,2,0,1
917,5,13,15,2,2,0,4,0,1,2,0,2
918,5,13,16,2,1,1,4,1,2,2,1,1
919,5,13,17,0,0,0,4,1,2,0,1,0
920,5,13,18,0,1,2,4,2,2,0,1,1
921,5,13,19,2,2,0,4,2,1,1,2,2
922,5,13,20,2,0,2,4,1,1,0,2,0
923,5,13,21,1,0,1,4,1,0,0,2,0
924,5,13,22,1,1,0,3,0,1,0,1,2
925,5,13,23,2,2,0,4,0,2,0,1,2
926,5,13,24,1,0,1,4,1,2,0,1,0
927,5,13,25,2,0,2,4,0,2,0,1,0
928,5,13,26,0,2,1,4,1,1,0,1,2
929,5,13,27,0,2,1,5,2,2,0,1,0
930,5,13,28,2,1,1,3,2,2,0,1,1
931,5,13,29,0,1,2,3,1,1,0,1,0
932,5,13,30,1,2,2,3,2,1,0,2,1
933,5,13,31,1,1,0,3,0,0,0,1,2
934,5,13,32,1,1,0,3,0,0,0,1,2
935,5,13,33,0,1,2,3,2,2,2,1,1
936,5,14,0,0,2,1,0,2,0,0,0,0
937,5,14,1,2,2,0,0,2,0,1,1,0
938,5,14,2,2,2,0,1,1,2,0,1,0
939,5,14,3,1,0,1,1,1,0,0,1,0
940,5,14,4,0,0,0,0,0,1,0,1,0
941,5,14,5,1,2,2,4,2,0,0,2,2
942,5,14,6,0,2,1,4,0,1,0,1,2
943,5,14,7,2,2,0,3,2,0,1,2,2
944,5,14,8,0,1,2,5,1,2,0,2,1
945,5,14,9,2,1,1,5,2,0,1,2,2
946,5,14,10,1,2,2,5,1,2,0,2,1
947,5,14,11,2,2,0,5,0,1,0,2,1
948,5,14,12,0,2,1,5,1,2,0,2,2
949,5,14,13,2,2,0,0,2,2,0,2,2
950,5,14,14,0,1,2,0,1,1,0,2,0
951,5,14,15,1,2,2,0,2,2,0,2,1
952,5,14,16,2,0,2,0,0,0,0,2,0
953,5,14,17,0,1,2,0,1,1,0,2,2
954,5,14,18,1,2,2,0,2,2,0,2,2
955,5,14,19,0,0,0,0,0,0,0,2,2
956,5,14,20,0,2,1,0,2,2,1,2,0
957,5,14,21,2,2,0,0,2,2,1,2,2
958,5,14,22,0,1,2,0,1,2,1,2,2
959,5,14,23,2,2,0,0,2,1,1,2,2
960,5,14,24,0,1,2,0,1,2,1,2,1
961,5,15,0,0,1,2,0,1,0,0,0,0
962,5,15,1,0,2,1,0,2,0,1,1,0
963,5,15,2,1,1,0,2,2,1,1,1,0
964,5,15,3,1,0,1,0,0,0,1,2,0
965,5,15,4,2,1,1,3,0,2,2,1,0
966,5,15,5,2,2,0,4,1,1,2,0,2
967,5,15,6,0,2,1,5,1,0,0,1,2
968,5,15,7,0,2,1,3,2,2,1,2,0
969,5,15,8,1,1,0,2,2,1,1,2,0
970,5,15,9,1,0,1,3,0,0,1,0,1
971,5,15,10,2,2,0,2,0,2,2,0,2
972,5,15,11,0,0,0,3,1,1,2,0,0
973,5,15,12,0,2,1,0,2,2,1,0,0
974,5,15,13,1,1,0,5,2,2,1,0,1
975,5,15,14,1,0,1,0,0,0,1,0,1
976,5,15,15,2,2,0,5,0,2,2,0,1
977,5,15,16,2,2,0,5,1,1,2,0,0
978,5,15,17,0,0,0,5,1,0,2,0,1
979,5,15,18,0,1,2,5,2,2,1,0,0
980,5,15,19,1,0,1,5,2,1,1,0,2
981,5,15,20,1,2,2,5,0,0,1,0,1
982,5,15,21,2,2,0,5,0,2,2,0,2
983,5,15,22,2,2,0,5,1,1,2,0,0
984,5,15,23,0,2,1,5,1,0,2,0,1
985,5,16,0,0,1,2,0,1,0,0,0,0
986,5,16,1,0,2,1,0,2,0,1,1,0
987,5,16,2,1,1,0,2,2,1,1,1,0
988,5,16,3,1,0,1,0,0,0,1,2,0
989,5,16,4,2,1,1,3,0,2,2,1,0
990,5,16,5,2,2,0,4,1,1,2,0,2
991,5,16,6,0,2,1,5,1,0,0,1,2
992,5,16,7,0,2,1,3,2,2,1,2,0
993,5,16,8,1,1,0,2,2,1,1,2,0
994,5,16,9,1,0,1,3,0,0,1,0,1
995,5,16,10,2,2,0,2,0,2,2,0,2
996,5,16,11,0,0,0,3,1,1,2,0,0
997,5,16,12,0,2,1,0,2,2,1,0,0
998,5,16,13,1,1,0,5,2,2,1,0,1
999,5,16,14,1,0,1,0,0,0,1,0,1
1000,5,16,15,2,2,0,5,0,2,2,0,1
1001,5,16,16,2,2,0,5,1,1,2,0,0
1002,5,16,17,0,0,0,5,1,0,2,0,1
1003,5,16,18,0,1,2,5,2,2,1,0,0
1004,5,16,19,1,0,1,5,2,1,1,0,2
1005,5,16,20,1,2,2,5,0,0,1,0,1
1006,5,16,21,2,2,0,5,0,2,2,0,2
1007,5,16,22,2,2,0,5,1,1,2,0,0
1008,5,16,23,0,2,1,5,1,0,2,0,1
1009,5,16,24,0,2,1,4,2,2,1,0,2
1010,5,17,0,0,2,1,0,2,0,0,0,0
1011,5,17,1,0,2,1,0,2,0,1,1,0
1012,5,17,2,0,1,2,2,2,1,1,1,0
1013,5,17,3,0,1,2,2,2,1,1,1,0
1014,5,17,4,0,1,2,2,1,1,1,1,0
1015,5,17,5,0,1,2,2,1,1,1,1,1
1016,5,17,6,0,1,2,2,1,1,1,1,1
1017,5,17,7,0,1,2,2,1,1,1,1,1
1018,5,17,8,0,1,2,2,1,1,1,1,1
1019,5,17,9,0,1,2,2,1,1,1,1,1
1020,5,17,10,0,1,2,2,1,1,1,1,1
1021,5,17,11,0,1,2,2,1,1,1,1,1
1022,5,18,0,1,1,0,0,1,0,0,0,0
1023,5,18,1,0,0,0,0,0,0,2,2,0
1024,5,18,2,2,2,0,0,2,0,2,1,0
1025,5,18,3,0,2,1,1,1,2,0,1,0
1026,5,18,4,1,2,2,0,2,2,1,2,0
1027,5,18,5,2,0,2,0,0,0,2,0,1
1028,5,18,6,1,1,0,0,1,1,0,1,1
1029,5,18,7,0,0,0,0,0,0,2,1,0
1030,5,18,8,0,0,0,3,2,0,2,0,2
1031,5,18,9,1,1,0,5,2,0,1,0,1
1032,5,18,10,0,1,2,5,0,1,2,0,1
1033,5,18,11,1,0,1,5,2,1,1,0,2
1034,5,18,12,0,0,0,0,0,0,2,0,1
1035,5,18,13,0,2,1,5,2,0,1,0,2
1036,5,18,14,1,1,0,5,2,2,1,0,2
1037,5,18,15,0,0,0,0,0,1,1,0,1
1038,5,18,16,2,1,1,4,2,1,1,0,1
1039,5,18,17,2,1,1,5,1,2,1,0,1
1040,5,18,18,1,2,2,1,1,2,1,0,1
1041,5,18,19,0,1,2,1,0,1,1,0,0
1042,5,18,20,2,0,2,1,2,0,1,0,2
1043,5,18,21,1,2,2,1,1,2,1,0,2
1044,5,18,22,2,1,1,1,0,1,1,0,0
1045,5,18,23,1,2,2,1,1,2,1,0,2
1046,5,18,24,0,1,2,1,0,1,2,0,0
1047,5,18,25,2,0,2,1,2,0,1,0,1
1048,5,19,0,1,1,0,0,1,0,0,0,0
1049,5,19,1,0,0,0,0,0,0,2,2,0
1050,5,19,2,2,2,0,0,2,0,2,1,0
1051,5,19,3,0,2,1,1,1,2,0,1,0
1052,5,19,4,1,2,2,0,2,2,1,2,0
1053,5,19,5,2,0,2,0,0,0,2,0,1
1054,5,19,6,1,1,0,0,1,1,0,1,1
1055,5,19,7,0,0,0,0,0,0,2,1,0
1056,5,19,8,0,0,0,3,2,0,2,0,2
1057,5,19,9,1,1,0,5,2,0,1,0,1
1058,5,19,10,0,1,2,5,0,1,2,0,1
1059,5,19,11,1,0,1,5,2,1,1,0,2
1060,5,19,12,0,0,0,0,0,0,2,0,1
1061,5,19,13,0,2,1,5,2,0,1,0,2
1062,5,19,14,1,1,0,5,2,2,1,0,2
1063,5,19,15,0,0,0,0,0,1,1,0,1
1064,5,19,16,2,1,1,4,2,1,1,0,1
1065,5,19,17,2,1,1,5,1,2,1,0,1
1066,5,19,18,1,2,2,1,1,2,1,0,1
1067,5,19,19,0,1,2,1,0,1,1,0,0
1068,5,19,20,2,0,2,1,2,0,1,0,2
1069,5,19,21,1,2,2,1,1,2,1,0,2
1070,5,19,22,2,1,1,1,0,1,1,0,0
1071,5,19,23,1,2,2,1,1,2,1,0,2
1072,5,19,24,0,1,2,1,0,1,2,0,0
1073,5,19,25,2,0,2,1,2,0,1,0,1
1074,5,19,26,2,2,0,1,1,2,1,0,0
1075,5,20,0,0,2,1,0,2,0,0,0,0
1076,5,20,1,2,2,0,0,2,0,1,1,0
1077,5,20,2,0,2,1,1,1,2,0,1,0
1078,5,20,3,1,2,2,0,2,2,1,0,0
1079,5,20,4,0,0,0,0,0,0,1,2,0
1080,5,20,5,1,2,2,4,2,2,1,2,2
1081,5,20,6,0,2,1,4,0,0,1,0,2
1082,5,20,7,2,0,2,5,2,0,1,0,1
1083,5,20,8,0,0,0,5,1,2,1,2,2
1084,5,20,9,1,2,2,5,2,0,1,2,1
1085,5,20,10,0,1,2,5,0,0,1,0,0
1086,5,20,11,2,0,2,5,2,2,1,0,1
1087,5,20,12,2,0,2,5,1,2,1,2,1
1088,5,20,13,2,2,0,5,1,2,1,2,1
1089,5,20,14,0,0,0,5,0,0,1,2,0
1090,5,20,15,0,1,2,5,2,1,1,2,2
1091,5,20,16,1,1,0,5,2,1,1,2,0
1092,5,20,17,2,2,0,5,0,0,1,2,2
1093,5,20,18,2,2,0,5,1,1,1,2,1
1094,5,20,19,1,0,1,5,1,1,1,2,0
1095,5,20,20,0,2,1,5,0,0,1,2,0
1096,5,20,21,1,2,2,5,2,0,1,2,2
1097,5,20,22,2,0,2,5,0,1,1,2,2
1098,5,21,0,0,2,1,0,2,0,0,0,0
1099,5,21,1,2,2,0,0,2,0,1,1,0
1100,5,21,2,0,2,1,1,1,2,0,1,0
1101,5,21,3,1,2,2,0,2,2,1,0,0
1102,5,21,4,0,0,0,0,0,0,1,2,0
1103,5,21,5,1,2,2,4,2,2,1,2,2
1104,5,21,6,0,2,1,4,0,0,1,0,2
1105,5,21,7,2,0,2,5,2,0,1,0,1
1106,5,21,8,0,0,0,5,1,2,1,2,2
1107,5,21,9,1,2,2,5,2,0,1,2,1
1108,5,21,10,0,1,2,5,0,0,1,0,0
1109,5,21,11,2,0,2,5,2,2,1,0,1
1110,5,21,12,2,0,2,5,1,2,1,2,1
1111,5,21,13,2,2,0,5,1,2,1,2,1
1112,5,21,14,0,0,0,5,0,0,1,2,0
1113,5,21,15,0,1,2,5,2,1,1,2,2
1114,5,21,16,1,1,0,5,2,1,1,2,0
1115,5,21,17,2,2,0,5,0,0,1,2,2
1116,5,21,18,2,2,0,5,1,1,1,2,1
1117,5,21,19,1,0,1,5,1,1,1,2,0
1118,5,21,20,0,2,1,5,0,0,1,2,0
1119,5,21,21,1,2,2,5,2,0,1,2,2
1120,5,21,22,2,0,2,5,0,1,1,2,2
1121,5,21,23,2,2,0,5,1,1,1,2,1
1122,5,22,0,2,1,1,0,1,0,0,0,0
1123,5,22,1,1,1,0,0,1,0,0,0,0
1124,5,22,2,2,0,2,0,0,1,0,2,0
1125,5,22,3,2,1,1,0,1,1,0,2,0
1126,5,22,4,0,0,0,2,1,0,0,2,0
1127,5,22,5,0,0,0,4,2,2,0,1,0
1128,5,22,6,1,0,1,2,2,1,0,2,1
1129,5,22,7,1,1,0,3,0,0,0,1,1
1130,5,22,8,2,1,1,3,0,2,0,1,0
1131,5,22,9,2,2,0,4,1,1,0,1,2
1132,5,22,10,0,2,1,4,1,0,0,1,2
1133,5,22,11,0,0,0,2,2,2,0,1,0
1134,5,22,12,1,2,2,3,2,1,0,2,1
1135,5,22,13,1,1,0,3,0,0,0,1,2
1136,5,22,14,2,1,1,3,0,2,0,1,1
1137,5,22,15,2,1,1,0,1,1,0,1,2
1138,5,22,16,0,0,0,2,1,0,0,1,0
1139,5,22,17,0,0,0,2,2,2,0,1,0
1140,5,22,18,1,2,2,3,2,1,0,2,2
1141,5,22,19,1,1,0,3,0,0,0,1,2
1142,5,22,20,2,1,1,3,0,2,0,1,2
1143,5,22,21,2,0,2,4,1,1,0,1,0
1144,5,22,22,0,0,0,4,1,0,0,1,0
1145,5,22,23,0,0,0,4,2,2,0,1,0
1146,5,22,24,1,1,0,4,2,1,0,2,1
1147,5,22,25,1,1,0,3,0,0,0,1,2
1148,5,22,26,2,1,1,4,0,2,0,1,1
1149,5,22,27,2,2,0,4,1,1,0,1,2
1150,5,22,28,0,0,0,4,1,0,0,1,0
1151,5,22,29,0,1,2,4,2,2,0,1,1
1152,5,22,30,1,1,0,4,2,1,0,2,1
1153,5,22,31,1,1,0,3,0,0,0,1,2
1154,5,22,32,2,2,0,4,0,2,0,1,2
1155,5,22,33,2,0,2,4,1,1,0,1,0
1156,5,22,34,0,0,0,4,1,0,0,1,0
1157,5,22,35,0,1,2,4,2,2,0,1,1
1158,5,22,36,0,1,2,4,2,1,0,2,1
1159,5,22,37,2,2,0,4,1,1,0,2,2
1160,5,22,38,2,1,1,4,1,0,0,2,1
1161,5,23,0,1,2,2,0,2,0,0,0,0
1162,5,23,1,2,0,2,0,0,0,2,2,0
1163,5,23,2,2,1,1,0,1,1,0,2,0
1164,5,23,3,2,0,2,2,1,0,0,2,0
1165,5,23,4,1,0,1,2,0,0,0,2,0
1166,5,23,5,1,0,1,4,0,2,0,2,0
1167,5,23,6,0,1,2,5,0,2,0,2,2
1168,5,23,7,2,1,1,5,2,0,0,1,0
1169,5,23,8,1,1,0,5,1,2,0,1,1
1170,5,23,9,2,1,1,1,0,1,0,1,2
1171,5,24,0,2,2,0,0,2,0,0,0,0
1172,5,24,1,2,1,1,0,1,0,0,0,0
1173,5,24,2,1,0,1,1,1,0,0,0,0
1174,5,24,3,1,0,1,0,0,1,0,2,0
1175,5,24,4,2,2,0,3,0,2,0,2,0
1176,5,24,5,2,2,0,4,1,2,0,2,2
1177,5,24,6,2,0,2,2,1,0,0,2,2
1178,5,24,7,1,0,1,2,0,0,0,2,0
1179,5,24,8,1,2,2,3,0,2,0,2,0
1180,5,24,9,0,2,1,3,0,2,0,2,2
1181,5,24,10,0,1,2,3,2,0,0,1,2
1182,5,24,11,1,1,0,3,2,1,0,1,0
1183,5,24,12,1,1,0,3,0,1,0,1,1
1184,5,24,13,0,1,2,3,0,2,2,1,2
1185,5,24,14,2,1,1,3,2,2,2,1,0
1186,5,24,15,2,1,1,3,1,2,0,1,1
1187,5,24,16,2,1,1,3,1,2,0,1,2
1188,5,24,17,2,0,2,2,0,0,0,1,1
1189,5,24,18,1,0,1,2,0,0,0,1,0
1190,5,24,19,1,0,1,2,0,2,0,1,0
1191,5,25,0,1,0,1,0,0,0,0,0,0
1192,5,25,1,0,0,0,0,0,0,2,2,0
1193,5,25,2,2,2,0,0,2,0,2,1,0
1194,5,25,3,1,2,2,1,1,2,0,1,0
1195,5,25,4,0,1,2,1,0,1,2,1,0
1196,5,25,5,2,0,2,1,2,0,2,0,2
1197,5,25,6,1,2,2,1,1,2,0,1,1
1198,5,25,7,2,1,1,1,0,1,2,1,1
1199,5,25,8,0,2,1,1,1,2,0,1,0
1200,5,25,9,0,2,1,0,2,2,0,1,2
1201,5,25,10,0,2,1,3,2,2,1,2,1
1202,5,25,11,2,2,0,3,1,1,1,2,0
1203,5,25,12,0,2,1,3,1,0,1,2,1
1204,5,25,0,1,0,1,0,0,0,0,0,0
1205,5,25,1,0,0,0,0,0,0,2,2,0
1206,5,25,2,2,2,0,0,2,0,2,1,0
1207,5,25,3,1,2,2,1,1,2,0,1,0
1208,5,25,4,0,1,2,1,0,1,2,1,0
1209,5,25,5,2,0,2,1,2,0,2,0,2
1210,5,25,6,1,2,2,1,1,2,0,1,1
1211,5,25,7,2,1,1,1,0,1,2,1,1
1212,5,25,8,0,2,1,1,1,2,0,1,0
1213,5,25,9,0,2,1,0,2,2,0,1,2
1214,5,25,10,0,2,1,3,2,2,1,2,1
1215,5,25,11,2,2,0,3,1,1,1,2,0
1216,5,25,12,0,2,1,3,1,0,1,2,1
1217,5,25,13,0,2,1,4,2,1,1,2,2
1218,5,26,0,1,0,1,0,0,0,0,0,0
1219,5,26,1,0,0,0,0,0,0,2,2,0
1220,5,26,2,2,2,0,0,2,0,2,1,0
1221,5,26,3,1,2,2,1,1,2,0,1,0
1222,5,26,4,0,1,2,1,0,1,2,1,0
1223,5,26,5,2,0,2,1,2,0,2,0,2
1224,5,26,6,1,2,2,1,1,2,0,1,1
1225,5,26,7,2,1,1,1,0,1,2,1,1
1226,5,26,8,0,2,1,1,1,2,0,1,0
1227,5,26,9,0,2,1,0,2,2,0,1,2
1228,5,26,10,0,2,1,3,2,2,1,2,1
1229,5,26,11,2,2,0,3,1,1,1,2,0
1230,5,26,12,0,2,1,3,1,0,1,2,1
1231,5,26,13,0,2,1,4,2,1,1,2,2
1232,5,26,14,0,1,2,5,2,0,1,2,0
1233,5,27,0,0,1,2,0,1,0,0,0,0
1234,5,27,1,1,2,2,0,2,0,1,1,0
1235,5,27,2,2,0,2,0,0,0,2,1,0
1236,5,27,3,2,1,1,0,1,1,0,1,0
1237,5,27,4,2,0,2,2,1,0,0,1,0
1238,5,27,5,0,0,0,2,0,0,0,1,0
1239,5,27,6,0,0,0,2,2,1,0,2,0
1240,5,27,7,1,1,0,1,2,1,0,2,0
1241,5,27,8,1,0,1,1,0,0,0,2,1
1242,5,27,9,1,1,0,3,0,2,0,1,1
1243,5,27,10,1,2,2,1,2,2,2,1,0
1244,5,28,0,0,1,2,0,1,0,0,0,0
1245,5,28,1,0,2,1,0,2,0,1,1,0
1246,5,28,2,1,1,0,2,2,1,1,1,0
1247,5,28,3,2,0,2,0,0,0,1,2,0
1248,5,28,4,1,1,0,0,1,1,1,2,0
1249,5,28,5,0,0,0,4,0,0,2,0,0
1250,5,28,6,0,0,0,3,2,0,1,0,2
1251,5,28,7,0,0,0,3,2,0,1,0,0
1252,5,28,8,1,1,0,2,1,1,1,0,1
1253,5,28,9,2,1,1,2,0,2,1,0,1
1254,5,28,10,0,0,0,3,1,1,1,0,2
1255,5,28,11,1,2,2,1,2,2,1,0,2
1256,5,28,12,1,0,1,1,0,0,1,0,0
1257,5,28,13,0,0,0,1,0,0,1,0,2
1258,5,28,14,0,1,2,2,2,2,1,0,2
1259,5,28,15,2,1,1,2,2,1,1,0,2
1260,5,28,16,1,1,0,2,1,2,1,0,0
1261,5,28,17,1,1,0,2,0,1,1,0,0
1262,5,28,18,1,1,0,2,0,1,1,0,1
1263,5,28,19,2,2,0,2,2,2,2,0,2
1264,5,28,20,2,2,0,2,1,0,2,0,2
1265,5,28,21,0,0,0,1,1,0,2,0,0
1266,5,28,22,1,2,2,1,2,2,1,0,1
1267,5,29,0,2,2,0,0,2,0,0,0,0
1268,5,29,1,1,1,0,0,1,0,0,0,0
1269,5,29,2,2,0,2,0,0,1,0,2,0
1270,5,29,3,0,1,2,0,1,1,0,2,0
1271,5,29,4,2,2,0,0,2,2,0,1,0
1272,5,29,5,2,1,1,4,1,2,0,1,1
1273,5,29,6,0,0,0,2,1,1,0,1,1
1274,5,29,7,2,0,2,5,2,2,0,2,1
1275,5,29,8,0,1,2,5,1,2,0,2,1
1276,5,29,9,0,2,1,5,2,2,0,2,0
1277,5,29,10,0,0,0,2,2,2,0,2,0
1278,5,29,11,0,0,0,2,2,2,0,2,1
1279,5,29,12,1,0,1,5,1,1,1,2,0
1280,5,29,13,2,0,2,5,0,2,1,2,1
1281,5,29,14,2,0,2,5,0,2,1,2,1
1282,5,29,15,0,0,0,5,1,1,0,2,0
1283,5,29,16,2,2,0,5,2,2,0,2,2
1284,5,29,17,1,1,0,5,1,1,0,2,0
1285,5,29,18,2,0,2,5,0,1,0,2,1
1286,5,29,19,0,1,2,5,1,1,0,2,2
1287,5,30,0,2,2,0,0,2,0,0,0,0
1288,5,30,1,1,1,0,0,1,0,0,0,0
1289,5,30,2,2,0,2,0,0,1,0,2,0
1290,5,30,3,0,1,2,0,1,1,0,2,0
1291,5,30,4,2,2,0,0,2,2,0,1,0
1292,5,30,5,2,1,1,4,1,2,0,1,1
1293,5,30,6,0,0,0,2,1,1,0,1,1
1294,5,30,7,2,0,2,5,2,2,0,2,1
1295,5,30,8,0,1,2,5,1,2,0,2,1
1296,5,30,9,0,2,1,5,2,2,0,2,0
1297,5,30,10,0,0,0,2,2,2,0,2,0
1298,5,30,11,0,0,0,2,2,2,0,2,1
1299,5,30,12,1,0,1,5,1,1,1,2,0
1300,5,30,13,2,0,2,5,0,2,1,2,1
1301,5,30,14,2,0,2,5,0,2,1,2,1
1302,5,30,15,0,0,0,5,1,1,0,2,0
1303,5,30,16,2,2,0,5,2,2,0,2,2
1304,5,30,17,1,1,0,5,1,1,0,2,0
1305,5,30,18,2,0,2,5,0,1,0,2,1
1306,5,30,19,0,1,2,5,1,1,0,2,2
1307,5,30,20,1,2,2,5,2,2,0,2,0
1308,5,30,21,1,2,2,5,0,0,0,2,0
1309,5,31,0,1,2,2,0,2,0,0,0,0
1310,5,31,1,0,0,0,0,0,0,2,2,0
1311,5,31,2,1,2,2,0,2,0,2,1,0
1312,5,31,3,2,0,2,0,0,0,2,1,0
1313,5,31,4,2,1,1,0,1,1,2,1,0
1314,5,31,5,0,0,0,4,1,0,0,1,0
1315,5,31,6,1,2,2,0,2,2,0,1,0
1316,5,31,7,1,0,1,0,0,0,2,1,0
1317,5,31,8,0,1,2,5,0,0,2,1,0
1318,5,31,9,2,1,1,5,2,2,2,0,1
1319,5,31,10,1,1,0,3,1,2,2,1,1
1320,5,31,11,1,1,0,3,0,1,2,1,2
1321,5,31,12,1,2,2,2,0,1,2,1,2
1322,5,31,13,1,2,2,2,2,1,2,1,2
1323,5,31,14,0,2,1,2,2,2,2,1,0
1324,5,31,0,1,2,2,0,2,0,0,0,0
1325,5,31,15,0,0,0,3,2,1,2,0,2
1326,5,31,1,0,0,0,0,0,0,2,2,0
1327,5,31,16,0,0,0,3,2,1,2,0,2
1328,5,31,2,1,2,2,0,2,0,2,1,0
1329,5,31,17,1,0,1,3,1,1,2,0,1
1330,5,31,3,2,0,2,0,0,0,2,1,0
1331,5,31,18,2,2,0,1,0,2,2,0,1
1332,5,31,4,2,1,1,0,1,1,2,1,0
1333,5,31,19,0,0,0,3,1,1,2,0,2
1334,5,31,5,0,0,0,4,1,0,0,1,0
1335,5,31,6,1,2,2,0,2,2,0,1,0
1336,5,31,20,0,2,1,1,2,2,2,0,1
1337,5,31,7,1,0,1,0,0,0,2,1,0
1338,5,31,21,1,2,2,1,2,2,2,0,2
1339,5,31,8,0,1,2,5,0,0,2,1,0
1340,5,31,22,2,0,2,3,2,2,2,0,2
1341,5,31,9,2,1,1,5,2,2,2,0,1
1342,5,31,23,1,0,1,1,0,0,2,0,2
1343,5,31,10,1,1,0,3,1,2,2,1,1
1344,5,31,24,0,0,0,3,1,1,2,0,1
1345,5,31,11,1,1,0,3,0,1,2,1,2
1346,5,31,12,1,2,2,2,0,1,2,1,2
1347,5,31,25,1,0,1,1,0,0,2,0,0
1348,5,31,13,1,2,2,2,2,1,2,1,2
1349,5,31,26,1,2,2,5,0,0,2,0,1
1350,5,31,14,0,2,1,2,2,2,2,1,0
1351,5,31,15,0,0,0,3,2,1,2,0,2
1352,5,31,16,0,0,0,3,2,1,2,0,2
1353,5,31,17,1,0,1,3,1,1,2,0,1
1354,5,31,18,2,2,0,1,0,2,2,0,1
1355,5,31,19,0,0,0,3,1,1,2,0,2
1356,5,31,20,0,2,1,1,2,2,2,0,1
1357,5,31,21,1,2,2,1,2,2,2,0,2
1358,5,31,22,2,0,2,3,2,2,2,0,2
1359,5,31,23,1,0,1,1,0,0,2,0,2
1360,5,31,24,0,0,0,3,1,1,2,0,1
1361,5,31,25,1,0,1,1,0,0,2,0,0
1362,5,31,26,2,2,0,1,2,2,2,0,0
1363,5,31,27,1,2,2,5,0,0,2,0,1
1364,5,31,28,0,0,0,5,1,1,2,0,1
1365,5,31,29,1,0,1,5,2,2,2,0,2
1366,5,32,0,1,2,2,0,2,0,0,0,0
1367,5,32,1,0,0,0,0,0,0,2,2,0
1368,5,32,2,1,2,2,0,2,0,2,1,0
1369,5,32,3,2,0,2,0,0,0,2,1,0
1370,5,32,4,2,1,1,0,1,1,2,1,0
1371,5,32,5,0,0,0,4,1,0,0,1,0
1372,5,32,6,1,2,2,0,2,2,0,1,0
1373,5,32,7,1,0,1,0,0,0,2,1,0
1374,5,32,8,0,1,2,5,0,0,2,1,0
1375,5,32,9,2,1,1,5,2,2,2,0,1
1376,5,32,10,1,1,0,3,1,2,2,1,1
1377,5,32,11,1,1,0,3,0,1,2,1,2
1378,5,32,0,1,2,2,0,2,0,0,0,0
1379,5,32,12,1,2,2,2,0,1,2,1,2
1380,5,32,1,0,0,0,0,0,0,2,2,0
1381,5,32,13,1,2,2,2,2,1,2,1,2
1382,5,32,2,1,2,2,0,2,0,2,1,0
1383,5,32,14,0,2,1,2,2,2,2,1,0
1384,5,32,3,2,0,2,0,0,0,2,1,0
1385,5,32,15,0,0,0,3,2,1,2,0,2
1386,5,32,4,2,1,1,0,1,1,2,1,0
1387,5,32,16,0,0,0,3,2,1,2,0,2
1388,5,32,5,0,0,0,4,1,0,0,1,0
1389,5,32,17,1,0,1,3,1,1,2,0,1
1390,5,32,6,1,2,2,0,2,2,0,1,0
1391,5,32,18,2,2,0,1,0,2,2,0,1
1392,5,32,7,1,0,1,0,0,0,2,1,0
1393,5,32,19,0,0,0,3,1,1,2,0,2
1394,5,32,8,0,1,2,5,0,0,2,1,0
1395,5,32,20,0,2,1,1,2,2,2,0,1
1396,5,32,21,1,2,2,1,2,2,2,0,2
1397,5,32,9,2,1,1,5,2,2,2,0,1
1398,5,32,22,2,0,2,3,2,2,2,0,2
1399,5,32,10,1,1,0,3,1,2,2,1,1
1400,5,32,23,1,0,1,1,0,0,2,0,2
1401,5,32,11,1,1,0,3,0,1,2,1,2
1402,5,32,24,0,0,0,3,1,1,2,0,1
1403,5,32,12,1,2,2,2,0,1,2,1,2
1404,5,32,25,1,0,1,1,0,0,2,0,0
1405,5,32,13,1,2,2,2,2,1,2,1,2
1406,5,32,26,2,2,0,1,2,2,2,0,0
1407,5,32,14,0,2,1,2,2,2,2,1,0
1408,5,32,27,1,2,2,5,0,0,2,0,1
1409,5,32,15,0,0,0,3,2,1,2,0,2
1410,5,32,28,0,0,0,5,1,1,2,0,1
1411,5,32,16,0,0,0,3,2,1,2,0,2
1412,5,32,29,1,0,1,5,2,2,2,0,2
1413,5,32,17,1,0,1,3,1,1,2,0,1
1414,5,32,30,2,1,1,4,0,0,2,0,1
1415,5,32,18,2,2,0,1,0,2,2,0,1
1416,5,32,19,0,0,0,3,1,1,2,0,2
1417,5,32,20,0,2,1,1,2,2,2,0,1
1418,5,32,21,1,2,2,1,2,2,2,0,2
1419,5,32,22,2,0,2,3,2,2,2,0,2
1420,5,32,23,1,0,1,1,0,0,2,0,2
1421,5,32,24,0,0,0,3,1,1,2,0,1
1422,5,32,25,1,0,1,1,0,0,2,0,0
1423,5,32,26,2,2,0,1,2,2,2,0,0
1424,5,32,27,1,2,2,5,0,0,2,0,1
1425,5,32,28,0,0,0,5,1,1,2,0,1
1426,5,32,29,1,0,1,5,2,2,2,0,2
1427,5,32,30,1,1,0,4,0,0,2,0,1
1428,5,33,0,1,2,2,0,2,0,0,0,0
1429,5,33,1,0,0,0,0,0,0,2,2,0
1430,5,33,2,1,2,2,0,2,0,2,1,0
1431,5,33,3,2,0,2,0,0,0,2,1,0
1432,5,33,4,2,1,1,0,1,1,2,1,0
1433,5,33,5,0,0,0,4,1,0,0,1,0
1434,5,33,6,1,2,2,0,2,2,0,1,0
1435,5,33,7,1,0,1,0,0,0,2,1,0
1436,5,33,8,0,1,2,5,0,0,2,1,0
1437,5,33,9,2,1,1,5,2,2,2,0,1
1438,5,33,10,1,1,0,3,1,2,2,1,1
1439,5,33,11,1,1,0,3,0,1,2,1,2
1440,5,33,12,1,2,2,2,0,1,2,1,2
1441,5,33,13,1,2,2,2,2,1,2,1,2
1442,5,33,14,0,2,1,2,2,2,2,1,0
1443,5,33,15,0,0,0,3,2,1,2,0,2
1444,5,33,16,0,0,0,3,2,1,2,0,2
1445,5,33,17,1,0,1,3,1,1,2,0,1
1446,5,33,18,2,2,0,1,0,2,2,0,1
1447,5,33,19,0,0,0,3,1,1,2,0,2
1448,5,33,20,0,2,1,1,2,2,2,0,1
1449,5,33,0,1,2,2,0,2,0,0,0,0
1450,5,33,21,1,2,2,1,2,2,2,0,2
1451,5,33,1,0,0,0,0,0,0,2,2,0
1452,5,33,22,2,0,2,3,2,2,2,0,2
1453,5,33,2,1,2,2,0,2,0,2,1,0
1454,5,33,23,1,0,1,1,0,0,2,0,2
1455,5,33,3,2,0,2,0,0,0,2,1,0
1456,5,33,24,0,0,0,3,1,1,2,0,1
1457,5,33,25,1,0,1,1,0,0,2,0,0
1458,5,33,26,2,2,0,1,2,2,2,0,0
1459,5,33,27,1,2,2,5,0,0,2,0,1
1460,5,33,28,0,0,0,5,1,1,2,0,1
1461,5,33,29,1,0,1,5,2,2,2,0,2
1462,5,33,30,2,1,1,4,0,0,2,0,1
1463,5,33,31,1,1,0,4,0,0,2,0,1
1464,5,33,32,0,0,0,5,0,0,2,0,2
1465,5,33,4,2,1,1,0,1,1,2,1,0
1466,5,33,5,0,0,0,4,1,0,0,1,0
1467,5,33,6,1,2,2,0,2,2,0,1,0
1468,5,33,7,1,0,1,0,0,0,2,1,0
1469,5,33,8,0,1,2,5,0,0,2,1,0
1470,5,33,9,2,1,1,5,2,2,2,0,1
1471,5,33,10,1,1,0,3,1,2,2,1,1
1472,5,33,11,1,1,0,3,0,1,2,1,2
1473,5,33,12,1,2,2,2,0,1,2,1,2
1474,5,33,13,1,2,2,2,2,1,2,1,2
1475,5,33,14,0,2,1,2,2,2,2,1,0
1476,5,33,15,0,0,0,3,2,1,2,0,2
1477,5,33,16,0,0,0,3,2,1,2,0,2
1478,5,33,17,1,0,1,3,1,1,2,0,1
1479,5,33,18,2,2,0,1,0,2,2,0,1
1480,5,33,19,0,0,0,3,1,1,2,0,2
1481,5,33,20,0,2,1,1,2,2,2,0,1
1482,5,33,21,1,2,2,1,2,2,2,0,2
1483,5,33,22,2,0,2,3,2,2,2,0,2
1484,5,33,23,1,0,1,1,0,0,2,0,2
1485,5,33,24,0,0,0,3,1,1,2,0,1
1486,5,33,25,1,0,1,1,0,0,2,0,0
1487,5,33,26,2,2,0,1,2,2,2,0,0
1488,5,33,27,1,2,2,5,0,0,2,0,1
1489,5,33,28,0,0,0,5,1,1,2,0,1
1490,5,33,29,1,0,1,5,2,2,2,0,2
1491,5,33,30,2,1,1,4,0,0,2,0,1
1492,5,33,31,1,1,0,4,0,0,2,0,1
1493,5,33,32,0,0,0,5,0,0,2,0,2
1494,5,33,33,1,1,0,5,2,2,2,0,1
1495,5,34,0,1,2,2,0,2,0,0,0,0
1496,5,34,1,0,0,0,0,0,0,2,2,0
1497,5,34,2,1,2,2,0,2,0,2,1,0
1498,5,34,3,2,0,2,0,0,0,2,1,0
1499,5,34,4,2,1,1,0,1,1,2,1,0
1500,5,34,5,0,0,0,4,1,0,0,1,0
1501,5,34,6,1,2,2,0,2,2,0,1,0
1502,5,34,7,1,0,1,0,0,0,2,1,0
1503,5,34,8,0,1,2,5,0,0,2,1,0
1504,5,34,9,2,1,1,5,2,2,2,0,1
1505,5,34,10,1,1,0,3,1,2,2,1,1
1506,5,34,11,1,1,0,3,0,1,2,1,2
1507,5,34,12,1,2,2,2,0,1,2,1,2
1508,5,34,13,1,2,2,2,2,1,2,1,2
1509,5,34,14,0,2,1,2,2,2,2,1,0
1510,5,34,15,0,0,0,3,2,1,2,0,2
1511,5,34,16,0,0,0,3,2,1,2,0,2
1512,5,34,17,1,0,1,3,1,1,2,0,1
1513,5,34,18,2,2,0,1,0,2,2,0,1
1514,5,34,19,0,0,0,3,1,1,2,0,2
1515,5,34,20,0,2,1,1,2,2,2,0,1
1516,5,34,21,1,2,2,1,2,2,2,0,2
1517,5,34,22,2,0,2,3,2,2,2,0,2
1518,5,34,23,1,0,1,1,0,0,2,0,2
1519,5,34,24,0,0,0,3,1,1,2,0,1
1520,5,34,25,1,0,1,1,0,0,2,0,0
1521,5,34,26,2,2,0,1,2,2,2,0,0
1522,5,34,27,1,2,2,5,0,0,2,0,1
1523,5,34,28,0,0,0,5,1,1,2,0,1
1524,5,34,0,1,2,2,0,2,0,0,0,0
1525,5,34,29,1,0,1,5,2,2,2,0,2
1526,5,34,1,0,0,0,0,0,0,2,2,0
1527,5,34,30,2,1,1,4,0,0,2,0,1
1528,5,34,2,1,2,2,0,2,0,2,1,0
1529,5,34,31,1,1,0,4,0,0,2,0,1
1530,5,34,32,0,0,0,5,0,0,2,0,2
1531,5,34,3,2,0,2,0,0,0,2,1,0
1532,5,34,33,1,1,0,5,2,2,2,0,1
1533,5,34,4,2,1,1,0,1,1,2,1,0
1534,5,34,34,2,1,1,5,0,0,2,0,1
1535,5,34,5,0,0,0,4,1,0,0,1,0
1536,5,34,6,1,2,2,0,2,2,0,1,0
1537,5,34,7,1,0,1,0,0,0,2,1,0
1538,5,34,8,0,1,2,5,0,0,2,1,0
1539,5,34,9,2,1,1,5,2,2,2,0,1
1540,5,34,10,1,1,0,3,1,2,2,1,1
1541,5,34,11,1,1,0,3,0,1,2,1,2
1542,5,34,12,1,2,2,2,0,1,2,1,2
1543,5,34,13,1,2,2,2,2,1,2,1,2
1544,5,34,14,0,2,1,2,2,2,2,1,0
1545,5,34,15,0,0,0,3,2,1,2,0,2
1546,5,34,16,0,0,0,3,2,1,2,0,2
1547,5,34,17,1,0,1,3,1,1,2,0,1
1548,5,34,18,2,2,0,1,0,2,2,0,1
1549,5,34,19,0,0,0,3,1,1,2,0,2
1550,5,34,20,0,2,1,1,2,2,2,0,1
1551,5,34,21,1,2,2,1,2,2,2,0,2
1552,5,34,22,2,0,2,3,2,2,2,0,2
1553,5,34,23,1,0,1,1,0,0,2,0,2
1554,5,34,24,0,0,0,3,1,1,2,0,1
1555,5,34,25,1,0,1,1,0,0,2,0,0
1556,5,34,26,2,2,0,1,2,2,2,0,0
1557,5,34,27,1,2,2,5,0,0,2,0,1
1558,5,34,28,0,0,0,5,1,1,2,0,1
1559,5,34,29,1,0,1,5,2,2,2,0,2
1560,5,34,30,2,1,1,4,0,0,2,0,1
1561,5,34,31,1,1,0,4,0,0,2,0,1
1562,5,34,32,0,0,0,5,0,0,2,0,2
1563,5,34,33,1,1,0,5,2,2,2,0,1
1564,5,34,34,2,1,1,5,0,0,2,0,1
1565,5,34,35,0,1,2,1,1,1,2,0,2
1566,5,35,0,1,2,2,0,2,0,0,0,0
1567,5,35,1,0,0,0,0,0,0,2,2,0
1568,5,35,2,1,2,2,0,2,0,2,1,0
1569,5,35,3,2,0,2,0,0,0,2,1,0
1570,5,35,4,2,1,1,0,1,1,2,1,0
1571,5,35,5,0,0,0,4,1,0,0,1,0
1572,5,35,6,1,2,2,0,2,2,0,1,0
1573,5,35,7,1,0,1,0,0,0,2,1,0
1574,5,35,8,0,1,2,5,0,0,2,1,0
1575,5,35,9,2,1,1,5,2,2,2,0,1
1576,5,35,10,1,1,0,3,1,2,2,1,1
1577,5,35,11,1,1,0,3,0,1,2,1,2
1578,5,35,12,1,2,2,2,0,1,2,1,2
1579,5,35,13,1,2,2,2,2,1,2,1,2
1580,5,35,14,0,2,1,2,2,2,2,1,0
1581,5,35,15,0,0,0,3,2,1,2,0,2
1582,5,35,16,0,0,0,3,2,1,2,0,2
1583,5,35,17,1,0,1,3,1,1,2,0,1
1584,5,35,18,2,2,0,1,0,2,2,0,1
1585,5,35,19,0,0,0,3,1,1,2,0,2
1586,5,35,20,0,2,1,1,2,2,2,0,1
1587,5,35,21,1,2,2,1,2,2,2,0,2
1588,5,35,22,2,0,2,3,2,2,2,0,2
1589,5,35,23,1,0,1,1,0,0,2,0,2
1590,5,35,24,0,0,0,3,1,1,2,0,1
1591,5,35,25,1,0,1,1,0,0,2,0,0
1592,5,35,26,2,2,0,1,2,2,2,0,0
1593,5,35,27,1,2,2,5,0,0,2,0,1
1594,5,35,28,0,0,0,5,1,1,2,0,1
1595,5,35,29,1,0,1,5,2,2,2,0,2
1596,5,35,30,2,1,1,4,0,0,2,0,1
1597,5,35,31,1,1,0,4,0,0,2,0,1
1598,5,35,32,0,0,0,5,0,0,2,0,2
1599,5,35,33,1,1,0,5,2,2,2,0,1
1600,5,35,34,2,1,1,5,0,0,2,0,1
1601,5,35,0,1,2,2,0,2,0,0,0,0
1602,5,35,35,0,1,2,1,1,1,2,0,2
1603,5,35,1,0,0,0,0,0,0,2,2,0
1604,5,35,36,0,2,1,1,2,2,2,0,2
1605,5,35,2,1,2,2,0,2,0,2,1,0
1606,5,35,3,2,0,2,0,0,0,2,1,0
1607,5,35,4,2,1,1,0,1,1,2,1,0
1608,5,35,5,0,0,0,4,1,0,0,1,0
1609,5,35,6,1,2,2,0,2,2,0,1,0
1610,5,35,7,1,0,1,0,0,0,2,1,0
1611,5,35,8,0,1,2,5,0,0,2,1,0
1612,5,35,9,2,1,1,5,2,2,2,0,1
1613,5,35,10,1,1,0,3,1,2,2,1,1
1614,5,35,11,1,1,0,3,0,1,2,1,2
1615,5,35,12,1,2,2,2,0,1,2,1,2
1616,5,35,13,1,2,2,2,2,1,2,1,2
1617,5,35,14,0,2,1,2,2,2,2,1,0
1618,5,35,15,0,0,0,3,2,1,2,0,2
1619,5,35,16,0,0,0,3,2,1,2,0,2
1620,5,35,17,1,0,1,3,1,1,2,0,1
1621,5,35,18,2,2,0,1,0,2,2,0,1
1622,5,35,19,0,0,0,3,1,1,2,0,2
1623,5,35,20,0,2,1,1,2,2,2,0,1
1624,5,35,21,1,2,2,1,2,2,2,0,2
1625,5,35,22,2,0,2,3,2,2,2,0,2
1626,5,35,23,1,0,1,1,0,0,2,0,2
1627,5,35,24,0,0,0,3,1,1,2,0,1
1628,5,35,25,1,0,1,1,0,0,2,0,0
1629,5,35,26,2,2,0,1,2,2,2,0,0
1630,5,35,27,1,2,2,5,0,0,2,0,1
1631,5,35,28,0,0,0,5,1,1,2,0,1
1632,5,35,29,1,0,1,5,2,2,2,0,2
1633,5,35,30,2,1,1,4,0,0,2,0,1
1634,5,35,31,1,1,0,4,0,0,2,0,1
1635,5,35,32,0,0,0,5,0,0,2,0,2
1636,5,36,0,1,2,2,0,2,0,0,0,0
1637,5,35,33,1,1,0,5,2,2,2,0,1
1638,5,36,1,0,0,0,0,0,0,2,2,0
1639,5,35,34,2,1,1,5,0,0,2,0,1
1640,5,36,2,1,2,2,0,2,0,2,1,0
1641,5,35,35,0,1,2,1,1,1,2,0,2
1642,5,36,3,2,0,2,0,0,0,2,1,0
1643,5,35,36,0,2,1,1,2,2,2,0,2
1644,5,36,4,2,1,1,0,1,1,2,1,0
1645,5,35,37,1,2,2,1,2,2,2,0,1
1646,5,36,5,0,0,0,4,1,0,0,1,0
1647,5,36,6,1,2,2,0,2,2,0,1,0
1648,5,36,7,1,0,1,0,0,0,2,1,0
1649,5,36,8,0,1,2,5,0,0,2,1,0
1650,5,36,9,2,1,1,5,2,2,2,0,1
1651,5,36,10,1,1,0,3,1,2,2,1,1
1652,5,36,11,1,1,0,3,0,1,2,1,2
1653,5,36,12,1,2,2,2,0,1,2,1,2
1654,5,36,13,1,2,2,2,2,1,2,1,2
1655,5,36,14,0,2,1,2,2,2,2,1,0
1656,5,36,15,0,0,0,3,2,1,2,0,2
1657,5,36,16,0,0,0,3,2,1,2,0,2
1658,5,36,17,1,0,1,3,1,1,2,0,1
1659,5,36,18,2,2,0,1,0,2,2,0,1
1660,5,36,19,0,0,0,3,1,1,2,0,2
1661,5,36,20,0,2,1,1,2,2,2,0,1
1662,5,36,21,1,2,2,1,2,2,2,0,2
1663,5,36,22,2,0,2,3,2,2,2,0,2
1664,5,36,23,1,0,1,1,0,0,2,0,2
1665,5,36,24,0,0,0,3,1,1,2,0,1
1666,5,36,25,1,0,1,1,0,0,2,0,0
1667,5,36,26,2,2,0,1,2,2,2,0,0
1668,5,36,27,1,2,2,5,0,0,2,0,1
1669,5,36,28,0,0,0,5,1,1,2,0,1
1670,5,36,29,1,0,1,5,2,2,2,0,2
1671,5,36,30,2,1,1,4,0,0,2,0,1
1672,5,36,31,1,1,0,4,0,0,2,0,1
1673,5,36,32,0,0,0,5,0,0,2,0,2
1674,5,36,33,1,1,0,5,2,2,2,0,1
1675,5,36,34,2,1,1,5,0,0,2,0,1
1676,5,36,35,0,1,2,1,1,1,2,0,2
1677,5,36,36,0,2,1,1,2,2,2,0,2
1678,5,36,37,1,2,2,1,2,2,2,0,1
1679,5,36,38,2,0,2,1,0,0,2,0,1
1680,5,36,0,1,2,2,0,2,0,0,0,0
1681,5,36,1,0,0,0,0,0,0,2,2,0
1682,5,36,2,1,2,2,0,2,0,2,1,0
1683,5,36,3,2,0,2,0,0,0,2,1,0
1684,5,36,4,2,1,1,0,1,1,2,1,0
1685,5,36,5,0,0,0,4,1,0,0,1,0
1686,5,36,6,1,2,2,0,2,2,0,1,0
1687,5,36,7,1,0,1,0,0,0,2,1,0
1688,5,36,8,0,1,2,5,0,0,2,1,0
1689,5,36,9,2,1,1,5,2,2,2,0,1
1690,5,36,10,1,1,0,3,1,2,2,1,1
1691,5,36,11,1,1,0,3,0,1,2,1,2
1692,5,36,12,1,2,2,2,0,1,2,1,2
1693,5,36,13,1,2,2,2,2,1,2,1,2
1694,5,36,14,0,2,1,2,2,2,2,1,0
1695,5,36,15,0,0,0,3,2,1,2,0,2
1696,5,36,16,0,0,0,3,2,1,2,0,2
1697,5,36,17,1,0,1,3,1,1,2,0,1
1698,5,36,18,2,2,0,1,0,2,2,0,1
1699,5,36,19,0,0,0,3,1,1,2,0,2
1700,5,36,20,0,2,1,1,2,2,2,0,1
1701,5,36,21,1,2,2,1,2,2,2,0,2
1702,5,36,22,2,0,2,3,2,2,2,0,2
1703,5,36,23,1,0,1,1,0,0,2,0,2
1704,5,36,24,0,0,0,3,1,1,2,0,1
1705,5,36,25,1,0,1,1,0,0,2,0,0
1706,5,36,26,2,2,0,1,2,2,2,0,0
1707,5,36,27,1,2,2,5,0,0,2,0,1
1708,5,36,28,0,0,0,5,1,1,2,0,1
1709,5,36,29,1,0,1,5,2,2,2,0,2
1710,5,36,30,2,1,1,4,0,0,2,0,1
1711,5,36,31,1,1,0,4,0,0,2,0,1
1712,5,36,32,0,0,0,5,0,0,2,0,2
1713,5,36,33,1,1,0,5,2,2,2,0,1
1714,5,36,34,2,1,1,5,0,0,2,0,1
1715,5,37,0,1,2,2,0,2,0,0,0,0
1716,5,36,35,0,1,2,1,1,1,2,0,2
1717,5,37,1,0,0,0,0,0,0,2,2,0
1718,5,36,36,0,2,1,1,2,2,2,0,2
1719,5,37,2,1,2,2,0,2,0,2,1,0
1720,5,36,37,1,2,2,1,2,2,2,0,1
1721,5,37,3,2,0,2,0,0,0,2,1,0
1722,5,36,38,2,0,2,1,0,0,2,0,1
1723,5,37,4,2,1,1,0,1,1,2,1,0
1724,5,36,39,0,1,2,1,1,1,2,0,0
1725,5,37,5,0,0,0,4,1,0,0,1,0
1726,5,37,6,1,2,2,0,2,2,0,1,0
1727,5,37,7,1,0,1,0,0,0,2,1,0
1728,5,37,8,0,1,2,5,0,0,2,1,0
1729,5,37,9,2,1,1,5,2,2,2,0,1
1730,5,37,10,1,1,0,3,1,2,2,1,1
1731,5,37,11,1,1,0,3,0,1,2,1,2
1732,5,37,12,1,2,2,2,0,1,2,1,2
1733,5,37,13,1,2,2,2,2,1,2,1,2
1734,5,37,14,0,2,1,2,2,2,2,1,0
1735,5,37,15,0,0,0,3,2,1,2,0,2
1736,5,37,16,0,0,0,3,2,1,2,0,2
1737,5,37,17,1,0,1,3,1,1,2,0,1
1738,5,37,18,2,2,0,1,0,2,2,0,1
1739,5,37,19,0,0,0,3,1,1,2,0,2
1740,5,37,20,0,2,1,1,2,2,2,0,1
1741,5,37,21,1,2,2,1,2,2,2,0,2
1742,5,37,22,2,0,2,3,2,2,2,0,2
1743,5,37,23,1,0,1,1,0,0,2,0,2
1744,5,37,24,0,0,0,3,1,1,2,0,1
1745,5,37,25,1,0,1,1,0,0,2,0,0
1746,5,37,26,2,2,0,1,2,2,2,0,0
1747,5,37,27,1,2,2,5,0,0,2,0,1
1748,5,37,28,0,0,0,5,1,1,2,0,1
1749,5,37,29,1,0,1,5,2,2,2,0,2
1750,5,37,30,2,1,1,4,0,0,2,0,1
1751,5,37,31,1,1,0,4,0,0,2,0,1
1752,5,37,32,0,0,0,5,0,0,2,0,2
1753,5,37,33,1,1,0,5,2,2,2,0,1
1754,5,37,34,2,1,1,5,0,0,2,0,1
1755,5,37,35,0,1,2,1,1,1,2,0,2
1756,5,37,36,0,2,1,1,2,2,2,0,2
1757,5,37,37,1,2,2,1,2,2,2,0,1
1758,5,37,38,2,0,2,1,0,0,2,0,1
1759,5,37,39,0,1,2,1,1,1,2,0,0
1760,5,37,40,1,2,2,1,2,2,2,0,2
1761,5,37,0,1,2,2,0,2,0,0,0,0
1762,5,37,1,0,0,0,0,0,0,2,2,0
1763,5,37,2,1,2,2,0,2,0,2,1,0
1764,5,37,3,2,0,2,0,0,0,2,1,0
1765,5,37,4,2,1,1,0,1,1,2,1,0
1766,5,37,5,0,0,0,4,1,0,0,1,0
1767,5,37,6,1,2,2,0,2,2,0,1,0
1768,5,37,7,1,0,1,0,0,0,2,1,0
1769,5,37,8,0,1,2,5,0,0,2,1,0
1770,5,37,9,2,1,1,5,2,2,2,0,1
1771,5,37,10,1,1,0,3,1,2,2,1,1
1772,5,37,11,1,1,0,3,0,1,2,1,2
1773,5,37,12,1,2,2,2,0,1,2,1,2
1774,5,37,13,1,2,2,2,2,1,2,1,2
1775,5,37,14,0,2,1,2,2,2,2,1,0
1776,5,37,15,0,0,0,3,2,1,2,0,2
1777,5,37,16,0,0,0,3,2,1,2,0,2
1778,5,37,17,1,0,1,3,1,1,2,0,1
1779,5,37,18,2,2,0,1,0,2,2,0,1
1780,5,37,19,0,0,0,3,1,1,2,0,2
1781,5,37,20,0,2,1,1,2,2,2,0,1
1782,5,37,21,1,2,2,1,2,2,2,0,2
1783,5,37,22,2,0,2,3,2,2,2,0,2
1784,5,37,23,1,0,1,1,0,0,2,0,2
1785,5,37,24,0,0,0,3,1,1,2,0,1
1786,5,37,25,1,0,1,1,0,0,2,0,0
1787,5,37,26,2,2,0,1,2,2,2,0,0
1788,5,37,27,1,2,2,5,0,0,2,0,1
1789,5,37,28,0,0,0,5,1,1,2,0,1
1790,5,37,29,1,0,1,5,2,2,2,0,2
1791,5,37,30,2,1,1,4,0,0,2,0,1
1792,5,37,31,1,1,0,4,0,0,2,0,1
1793,5,37,32,0,0,0,5,0,0,2,0,2
1794,5,37,33,1,1,0,5,2,2,2,0,1
1795,5,37,34,2,1,1,5,0,0,2,0,1
1796,5,38,0,1,2,2,0,2,0,0,0,0
1797,5,37,35,0,1,2,1,1,1,2,0,2
1798,5,37,36,0,2,1,1,2,2,2,0,2
1799,5,38,1,0,0,0,0,0,0,2,2,0
1800,5,37,37,1,2,2,1,2,2,2,0,1
1801,5,38,2,1,2,2,0,2,0,2,1,0
1802,5,37,38,2,0,2,1,0,0,2,0,1
1803,5,38,3,2,0,2,0,0,0,2,1,0
1804,5,37,39,0,1,2,1,1,1,2,0,0
1805,5,38,4,2,1,1,0,1,1,2,1,0
1806,5,37,40,1,2,2,1,2,2,2,0,2
1807,5,38,5,0,0,0,4,1,0,0,1,0
1808,5,37,41,2,0,2,1,0,0,2,0,1
1809,5,38,6,1,2,2,0,2,2,0,1,0
1810,5,38,7,1,0,1,0,0,0,2,1,0
1811,5,38,8,0,1,2,5,0,0,2,1,0
1812,5,38,9,2,1,1,5,2,2,2,0,1
1813,5,38,10,1,1,0,3,1,2,2,1,1
1814,5,38,11,1,1,0,3,0,1,2,1,2
1815,5,38,12,1,2,2,2,0,1,2,1,2
1816,5,38,13,1,2,2,2,2,1,2,1,2
1817,5,38,14,0,2,1,2,2,2,2,1,0
1818,5,38,15,0,0,0,3,2,1,2,0,2
1819,5,38,16,0,0,0,3,2,1,2,0,2
1820,5,38,17,1,0,1,3,1,1,2,0,1
1821,5,38,18,2,2,0,1,0,2,2,0,1
1822,5,38,19,0,0,0,3,1,1,2,0,2
1823,5,38,20,0,2,1,1,2,2,2,0,1
1824,5,38,21,1,2,2,1,2,2,2,0,2
1825,5,38,22,2,0,2,3,2,2,2,0,2
1826,5,38,23,1,0,1,1,0,0,2,0,2
1827,5,38,24,0,0,0,3,1,1,2,0,1
1828,5,38,25,1,0,1,1,0,0,2,0,0
1829,5,38,26,2,2,0,1,2,2,2,0,0
1830,5,38,27,1,2,2,5,0,0,2,0,1
1831,5,38,28,0,0,0,5,1,1,2,0,1
1832,5,38,29,1,0,1,5,2,2,2,0,2
1833,5,38,30,2,1,1,4,0,0,2,0,1
1834,5,38,31,1,1,0,4,0,0,2,0,1
1835,5,38,32,0,0,0,5,0,0,2,0,2
1836,5,38,33,1,1,0,5,2,2,2,0,1
1837,5,38,34,2,1,1,5,0,0,2,0,1
1838,5,38,35,0,1,2,1,1,1,2,0,2
1839,5,38,0,1,2,2,0,2,0,0,0,0
1840,5,38,36,0,2,1,1,2,2,2,0,2
1841,5,38,1,0,0,0,0,0,0,2,2,0
1842,5,38,37,1,2,2,1,2,2,2,0,1
1843,5,38,2,1,2,2,0,2,0,2,1,0
1844,5,38,38,2,0,2,1,0,0,2,0,1
1845,5,38,3,2,0,2,0,0,0,2,1,0
1846,5,38,4,2,1,1,0,1,1,2,1,0
1847,5,38,39,0,1,2,1,1,1,2,0,0
1848,5,38,5,0,0,0,4,1,0,0,1,0
1849,5,38,40,1,2,2,1,2,2,2,0,2
1850,5,38,6,1,2,2,0,2,2,0,1,0
1851,5,38,41,2,0,2,1,0,0,2,0,1
1852,5,38,7,1,0,1,0,0,0,2,1,0
1853,5,38,42,1,1,0,1,1,1,2,0,2
1854,5,38,8,0,1,2,5,0,0,2,1,0
1855,5,38,9,2,1,1,5,2,2,2,0,1
1856,5,38,10,1,1,0,3,1,2,2,1,1
1857,5,38,11,1,1,0,3,0,1,2,1,2
1858,5,38,12,1,2,2,2,0,1,2,1,2
1859,5,38,13,1,2,2,2,2,1,2,1,2
1860,5,38,14,0,2,1,2,2,2,2,1,0
1861,5,38,15,0,0,0,3,2,1,2,0,2
1862,5,38,16,0,0,0,3,2,1,2,0,2
1863,5,38,17,1,0,1,3,1,1,2,0,1
1864,5,38,18,2,2,0,1,0,2,2,0,1
1865,5,38,19,0,0,0,3,1,1,2,0,2
1866,5,38,20,0,2,1,1,2,2,2,0,1
1867,5,38,21,1,2,2,1,2,2,2,0,2
1868,5,38,22,2,0,2,3,2,2,2,0,2
1869,5,38,23,1,0,1,1,0,0,2,0,2
1870,5,38,24,0,0,0,3,1,1,2,0,1
1871,5,38,25,1,0,1,1,0,0,2,0,0
1872,5,38,26,2,2,0,1,2,2,2,0,0
1873,5,38,27,1,2,2,5,0,0,2,0,1
1874,5,38,28,0,0,0,5,1,1,2,0,1
1875,5,38,29,1,0,1,5,2,2,2,0,2
1876,5,38,30,2,1,1,4,0,0,2,0,1
1877,5,38,31,1,1,0,4,0,0,2,0,1
1878,5,38,32,0,0,0,5,0,0,2,0,2
1879,5,38,33,1,1,0,5,2,2,2,0,1
1880,5,38,34,2,1,1,5,0,0,2,0,1
1881,5,38,35,0,1,2,1,1,1,2,0,2
1882,5,38,36,0,2,1,1,2,2,2,0,2
1883,5,38,37,1,2,2,1,2,2,2,0,1
1884,5,38,38,2,0,2,1,0,0,2,0,1
1885,5,38,39,0,1,2,1,1,1,2,0,0
1886,5,38,40,1,2,2,1,2,2,2,0,2
1887,5,38,41,2,0,2,1,0,0,2,0,1
1888,5,38,42,1,1,0,1,1,1,2,0,2
1889,5,38,43,0,0,0,1,0,0,2,0,0
1890,5,39,0,1,2,2,0,2,0,0,0,0
1891,5,39,1,0,0,0,0,0,0,2,2,0
1892,5,39,2,1,2,2,0,2,0,2,1,0
1893,5,39,3,2,0,2,0,0,0,2,1,0
1894,5,39,4,2,1,1,0,1,1,2,1,0
1895,5,39,5,0,0,0,4,1,0,0,1,0
1896,5,39,6,1,2,2,0,2,2,0,1,0
1897,5,39,7,1,0,1,0,0,0,2,1,0
1898,5,39,8,0,1,2,5,0,0,2,1,0
1899,5,39,9,2,1,1,5,2,2,2,0,1
1900,5,39,10,1,1,0,3,1,2,2,1,1
1901,5,39,11,1,1,0,3,0,1,2,1,2
1902,5,39,12,1,2,2,2,0,1,2,1,2
1903,5,39,13,1,2,2,2,2,1,2,1,2
1904,5,39,14,0,2,1,2,2,2,2,1,0
1905,5,39,15,0,0,0,3,2,1,2,0,2
1906,5,39,16,0,0,0,3,2,1,2,0,2
1907,5,39,17,1,0,1,3,1,1,2,0,1
1908,5,39,18,2,2,0,1,0,2,2,0,1
1909,5,39,19,0,0,0,3,1,1,2,0,2
1910,5,39,20,0,2,1,1,2,2,2,0,1
1911,5,39,21,1,2,2,1,2,2,2,0,2
1912,5,39,22,2,0,2,3,2,2,2,0,2
1913,5,39,23,1,0,1,1,0,0,2,0,2
1914,5,39,24,0,0,0,3,1,1,2,0,1
1915,5,39,25,1,0,1,1,0,0,2,0,0
1916,5,39,26,2,2,0,1,2,2,2,0,0
1917,5,39,27,1,2,2,5,0,0,2,0,1
1918,5,39,28,0,0,0,5,1,1,2,0,1
1919,5,39,29,1,0,1,5,2,2,2,0,2
1920,5,39,30,2,1,1,4,0,0,2,0,1
1921,5,39,31,1,1,0,4,0,0,2,0,1
1922,5,39,32,0,0,0,5,0,0,2,0,2
1923,5,39,33,1,1,0,5,2,2,2,0,1
1924,5,39,34,2,1,1,5,0,0,2,0,1
1925,5,39,35,0,1,2,1,1,1,2,0,2
1926,5,39,36,0,2,1,1,2,2,2,0,2
1927,5,39,37,1,2,2,1,2,2,2,0,1
1928,5,39,38,2,0,2,1,0,0,2,0,1
1929,5,39,39,0,1,2,1,1,1,2,0,0
1930,5,39,0,1,2,2,0,2,0,0,0,0
1931,5,39,40,1,2,2,1,2,2,2,0,2
1932,5,39,1,0,0,0,0,0,0,2,2,0
1933,5,39,41,2,0,2,1,0,0,2,0,1
1934,5,39,2,1,2,2,0,2,0,2,1,0
1935,5,39,42,1,1,0,1,1,1,2,0,2
1936,5,39,3,2,0,2,0,0,0,2,1,0
1937,5,39,43,0,0,0,1,0,0,2,0,0
1938,5,39,44,0,2,1,1,2,2,2,0,1
1939,5,39,4,2,1,1,0,1,1,2,1,0
1940,5,39,5,0,0,0,4,1,0,0,1,0
1941,5,39,6,1,2,2,0,2,2,0,1,0
1942,5,39,7,1,0,1,0,0,0,2,1,0
1943,5,39,8,0,1,2,5,0,0,2,1,0
1944,5,39,9,2,1,1,5,2,2,2,0,1
1945,5,39,10,1,1,0,3,1,2,2,1,1
1946,5,39,11,1,1,0,3,0,1,2,1,2
1947,5,39,12,1,2,2,2,0,1,2,1,2
1948,5,39,13,1,2,2,2,2,1,2,1,2
1949,5,39,14,0,2,1,2,2,2,2,1,0
1950,5,39,15,0,0,0,3,2,1,2,0,2
1951,5,39,16,0,0,0,3,2,1,2,0,2
1952,5,39,17,1,0,1,3,1,1,2,0,1
1953,5,39,18,2,2,0,1,0,2,2,0,1
1954,5,39,19,0,0,0,3,1,1,2,0,2
1955,5,39,20,0,2,1,1,2,2,2,0,1
1956,5,39,21,1,2,2,1,2,2,2,0,2
1957,5,39,22,2,0,2,3,2,2,2,0,2
1958,5,39,23,1,0,1,1,0,0,2,0,2
1959,5,39,24,0,0,0,3,1,1,2,0,1
1960,5,39,25,1,0,1,1,0,0,2,0,0
1961,5,39,26,2,2,0,1,2,2,2,0,0
1962,5,39,27,1,2,2,5,0,0,2,0,1
1963,5,39,28,0,0,0,5,1,1,2,0,1
1964,5,39,29,1,0,1,5,2,2,2,0,2
1965,5,39,30,2,1,1,4,0,0,2,0,1
1966,5,39,31,1,1,0,4,0,0,2,0,1
1967,5,39,32,0,0,0,5,0,0,2,0,2
1968,5,39,33,1,1,0,5,2,2,2,0,1
1969,5,39,34,2,1,1,5,0,0,2,0,1
1970,5,39,35,0,1,2,1,1,1,2,0,2
1971,5,39,36,0,2,1,1,2,2,2,0,2
1972,5,39,37,1,2,2,1,2,2,2,0,1
1973,5,39,38,2,0,2,1,0,0,2,0,1
1974,5,39,39,0,1,2,1,1,1,2,0,0
1975,5,39,40,1,2,2,1,2,2,2,0,2
1976,5,39,41,2,0,2,1,0,0,2,0,1
1977,5,39,42,1,1,0,1,1,1,2,0,2
1978,5,39,43,0,0,0,1,0,0,2,0,0
1979,5,39,44,0,2,1,1,2,2,2,0,1
1980,5,39,45,1,0,1,1,2,0,2,0,2
1981,5,40,0,1,2,2,0,2,0,0,0,0
1982,5,40,1,0,0,0,0,0,0,2,2,0
1983,5,40,2,1,2,2,0,2,0,2,1,0
1984,5,40,3,2,0,2,0,0,0,2,1,0
1985,5,40,4,2,1,1,0,1,1,2,1,0
1986,5,40,5,0,0,0,4,1,0,0,1,0
1987,5,40,6,1,2,2,0,2,2,0,1,0
1988,5,40,7,1,0,1,0,0,0,2,1,0
1989,5,40,8,0,1,2,5,0,0,2,1,0
1990,5,40,9,2,1,1,5,2,2,2,0,1
1991,5,40,10,1,1,0,3,1,2,2,1,1
1992,5,40,11,1,1,0,3,0,1,2,1,2
1993,5,40,12,1,2,2,2,0,1,2,1,2
1994,5,40,13,1,2,2,2,2,1,2,1,2
1995,5,40,14,0,2,1,2,2,2,2,1,0
1996,5,40,15,0,0,0,3,2,1,2,0,2
1997,5,40,16,0,0,0,3,2,1,2,0,2
1998,5,40,17,1,0,1,3,1,1,2,0,1
1999,5,40,18,2,2,0,1,0,2,2,0,1
2000,5,40,19,0,0,0,3,1,1,2,0,2
2001,5,40,20,0,2,1,1,2,2,2,0,1
2002,5,40,21,1,2,2,1,2,2,2,0,2
2003,5,40,22,2,0,2,3,2,2,2,0,2
2004,5,40,23,1,0,1,1,0,0,2,0,2
2005,5,40,24,0,0,0,3,1,1,2,0,1
2006,5,40,25,1,0,1,1,0,0,2,0,0
2007,5,40,26,2,2,0,1,2,2,2,0,0
2008,5,40,27,1,2,2,5,0,0,2,0,1
2009,5,40,28,0,0,0,5,1,1,2,0,1
2010,5,40,29,1,0,1,5,2,2,2,0,2
2011,5,40,30,2,1,1,4,0,0,2,0,1
2012,5,40,31,1,1,0,4,0,0,2,0,1
2013,5,40,32,0,0,0,5,0,0,2,0,2
2014,5,40,33,1,1,0,5,2,2,2,0,1
2015,5,40,34,2,1,1,5,0,0,2,0,1
2016,5,40,35,0,1,2,1,1,1,2,0,2
2017,5,40,36,0,2,1,1,2,2,2,0,2
2018,5,40,37,1,2,2,1,2,2,2,0,1
2019,5,40,38,2,0,2,1,0,0,2,0,1
2020,5,40,39,0,1,2,1,1,1,2,0,0
2021,5,40,40,1,2,2,1,2,2,2,0,2
2022,5,40,0,1,2,2,0,2,0,0,0,0
2023,5,40,41,2,0,2,1,0,0,2,0,1
2024,5,40,1,0,0,0,0,0,0,2,2,0
2025,5,40,2,1,2,2,0,2,0,2,1,0
2026,5,40,42,1,1,0,1,1,1,2,0,2
2027,5,40,3,2,0,2,0,0,0,2,1,0
2028,5,40,43,0,0,0,1,0,0,2,0,0
2029,5,40,4,2,1,1,0,1,1,2,1,0
2030,5,40,44,0,2,1,1,2,2,2,0,1
2031,5,40,5,0,0,0,4,1,0,0,1,0
2032,5,40,45,1,0,1,1,2,0,2,0,2
2033,5,40,46,1,0,1,0,0,1,2,0,1
2034,5,40,6,1,2,2,0,2,2,0,1,0
2035,5,40,7,1,0,1,0,0,0,2,1,0
2036,5,40,8,0,1,2,5,0,0,2,1,0
2037,5,40,9,2,1,1,5,2,2,2,0,1
2038,5,40,10,1,1,0,3,1,2,2,1,1
2039,5,40,11,1,1,0,3,0,1,2,1,2
2040,5,40,12,1,2,2,2,0,1,2,1,2
2041,5,40,13,1,2,2,2,2,1,2,1,2
2042,5,40,14,0,2,1,2,2,2,2,1,0
2043,5,40,15,0,0,0,3,2,1,2,0,2
2044,5,40,16,0,0,0,3,2,1,2,0,2
2045,5,40,17,1,0,1,3,1,1,2,0,1
2046,5,40,18,2,2,0,1,0,2,2,0,1
2047,5,40,19,0,0,0,3,1,1,2,0,2
2048,5,40,20,0,2,1,1,2,2,2,0,1
2049,5,40,21,1,2,2,1,2,2,2,0,2
2050,5,40,22,2,0,2,3,2,2,2,0,2
2051,5,40,23,1,0,1,1,0,0,2,0,2
2052,5,40,24,0,0,0,3,1,1,2,0,1
2053,5,40,25,1,0,1,1,0,0,2,0,0
2054,5,40,26,2,2,0,1,2,2,2,0,0
2055,5,40,27,1,2,2,5,0,0,2,0,1
2056,5,40,28,0,0,0,5,1,1,2,0,1
2057,5,40,29,1,0,1,5,2,2,2,0,2
2058,5,40,30,2,1,1,4,0,0,2,0,1
2059,5,40,31,1,1,0,4,0,0,2,0,1
2060,5,40,32,0,0,0,5,0,0,2,0,2
2061,5,40,33,1,1,0,5,2,2,2,0,1
2062,5,40,34,2,1,1,5,0,0,2,0,1
2063,5,40,35,0,1,2,1,1,1,2,0,2
2064,5,40,36,0,2,1,1,2,2,2,0,2
2065,5,40,37,1,2,2,1,2,2,2,0,1
2066,5,40,38,2,0,2,1,0,0,2,0,1
2067,5,40,39,0,1,2,1,1,1,2,0,0
2068,5,40,40,1,2,2,1,2,2,2,0,2
2069,5,40,41,2,0,2,1,0,0,2,0,1
2070,5,40,42,1,1,0,1,1,1,2,0,2
2071,5,40,43,0,0,0,1,0,0,2,0,0
2072,5,40,44,0,2,1,1,2,2,2,0,1
2073,5,40,45,1,0,1,1,2,0,2,0,2
2074,5,40,46,1,0,1,0,0,1,2,0,1
2075,5,40,47,2,2,0,1,0,2,2,0,0
2076,5,41,0,1,2,2,0,2,0,0,0,0
2077,5,41,1,0,0,0,0,0,0,2,2,0
2078,5,41,2,1,2,2,0,2,0,2,1,0
2079,5,41,3,2,0,2,0,0,0,2,1,0
2080,5,41,4,2,1,1,0,1,1,2,1,0
2081,5,41,5,0,0,0,4,1,0,0,1,0
2082,5,41,6,1,2,2,0,2,2,0,1,0
2083,5,41,7,1,0,1,0,0,0,2,1,0
2084,5,41,8,0,1,2,5,0,0,2,1,0
2085,5,41,9,2,1,1,5,2,2,2,0,1
2086,5,41,10,1,1,0,3,1,2,2,1,1
2087,5,41,11,1,1,0,3,0,1,2,1,2
2088,5,41,12,1,2,2,2,0,1,2,1,2
2089,5,41,13,1,2,2,2,2,1,2,1,2
2090,5,41,14,0,2,1,2,2,2,2,1,0
2091,5,41,15,0,0,0,3,2,1,2,0,2
2092,5,41,16,0,0,0,3,2,1,2,0,2
2093,5,41,17,1,0,1,3,1,1,2,0,1
2094,5,41,18,2,2,0,1,0,2,2,0,1
2095,5,41,19,0,0,0,3,1,1,2,0,2
2096,5,41,20,0,2,1,1,2,2,2,0,1
2097,5,41,21,1,2,2,1,2,2,2,0,2
2098,5,41,22,2,0,2,3,2,2,2,0,2
2099,5,41,23,1,0,1,1,0,0,2,0,2
2100,5,41,24,0,0,0,3,1,1,2,0,1
2101,5,41,25,1,0,1,1,0,0,2,0,0
2102,5,41,26,2,2,0,1,2,2,2,0,0
2103,5,41,27,1,2,2,5,0,0,2,0,1
2104,5,41,28,0,0,0,5,1,1,2,0,1
2105,5,41,29,1,0,1,5,2,2,2,0,2
2106,5,41,30,2,1,1,4,0,0,2,0,1
2107,5,41,31,1,1,0,4,0,0,2,0,1
2108,5,41,32,0,0,0,5,0,0,2,0,2
2109,5,41,0,1,2,2,0,2,0,0,0,0
2110,5,41,33,1,1,0,5,2,2,2,0,1
2111,5,41,1,0,0,0,0,0,0,2,2,0
2112,5,41,34,2,1,1,5,0,0,2,0,1
2113,5,41,2,1,2,2,0,2,0,2,1,0
2114,5,41,35,0,1,2,1,1,1,2,0,2
2115,5,41,3,2,0,2,0,0,0,2,1,0
2116,5,41,4,2,1,1,0,1,1,2,1,0
2117,5,41,5,0,0,0,4,1,0,0,1,0
2118,5,41,6,1,2,2,0,2,2,0,1,0
2119,5,41,7,1,0,1,0,0,0,2,1,0
2120,5,41,8,0,1,2,5,0,0,2,1,0
2121,5,41,9,2,1,1,5,2,2,2,0,1
2122,5,41,10,1,1,0,3,1,2,2,1,1
2123,5,41,11,1,1,0,3,0,1,2,1,2
2124,5,41,12,1,2,2,2,0,1,2,1,2
2125,5,41,13,1,2,2,2,2,1,2,1,2
2126,5,41,14,0,2,1,2,2,2,2,1,0
2127,5,41,15,0,0,0,3,2,1,2,0,2
2128,5,41,16,0,0,0,3,2,1,2,0,2
2129,5,41,17,1,0,1,3,1,1,2,0,1
2130,5,41,18,2,2,0,1,0,2,2,0,1
2131,5,41,19,0,0,0,3,1,1,2,0,2
2132,5,41,20,0,2,1,1,2,2,2,0,1
2133,5,41,21,1,2,2,1,2,2,2,0,2
2134,5,41,22,2,0,2,3,2,2,2,0,2
2135,5,41,23,1,0,1,1,0,0,2,0,2
2136,5,41,24,0,0,0,3,1,1,2,0,1
2137,5,41,25,1,0,1,1,0,0,2,0,0
2138,5,41,26,2,2,0,1,2,2,2,0,0
2139,5,41,27,1,2,2,5,0,0,2,0,1
2140,5,41,28,0,0,0,5,1,1,2,0,1
2141,5,41,29,1,0,1,5,2,2,2,0,2
2142,5,41,30,2,1,1,4,0,0,2,0,1
2143,5,41,31,1,1,0,4,0,0,2,0,1
2144,5,41,32,0,0,0,5,0,0,2,0,2
2145,5,41,33,1,1,0,5,2,2,2,0,1
2146,5,41,34,2,1,1,5,0,0,2,0,1
2147,5,41,35,0,1,2,1,1,1,2,0,2
2148,5,41,36,0,2,1,1,2,2,2,0,2
2149,5,41,37,1,2,2,1,2,2,2,0,1
2150,5,41,38,2,0,2,1,0,0,2,0,1
2151,5,41,39,0,1,2,1,1,1,2,0,0
2152,5,41,40,1,2,2,1,2,2,2,0,2
2153,5,41,41,2,0,2,1,0,0,2,0,1
2154,5,41,42,1,1,0,1,1,1,2,0,2
2155,5,41,43,0,0,0,1,0,0,2,0,0
2156,5,41,44,0,2,1,1,2,2,2,0,1
2157,5,41,45,1,0,1,1,2,0,2,0,2
2158,5,41,46,1,0,1,0,0,1,2,0,1
2159,5,41,47,2,2,0,1,0,2,2,0,0
2160,5,41,48,1,1,0,0,1,1,2,0,1
2161,5,41,36,0,2,1,1,2,2,2,0,2
2162,5,41,37,1,2,2,1,2,2,2,0,1
2163,5,41,38,2,0,2,1,0,0,2,0,1
2164,5,41,39,0,1,2,1,1,1,2,0,0
2165,5,41,40,1,2,2,1,2,2,2,0,2
2166,5,41,41,2,0,2,1,0,0,2,0,1
2167,5,41,42,1,1,0,1,1,1,2,0,2
2168,5,41,43,0,0,0,1,0,0,2,0,0
2169,5,41,44,0,2,1,1,2,2,2,0,1
2170,5,41,45,1,0,1,1,2,0,2,0,2
2171,5,41,46,1,0,1,0,0,1,2,0,1
2172,5,41,47,2,2,0,1,0,2,2,0,0
2173,5,41,48,0,1,2,0,1,1,2,0,1
2174,5,42,0,1,2,2,0,2,0,0,0,0
2175,5,42,1,0,0,0,0,0,0,2,2,0
2176,5,42,2,1,2,2,0,2,0,2,1,0
2177,5,42,3,2,0,2,0,0,0,2,1,0
2178,5,42,4,2,1,1,0,1,1,2,1,0
2179,5,42,5,0,0,0,4,1,0,0,1,0
2180,5,42,6,1,2,2,0,2,2,0,1,0
2181,5,42,7,1,0,1,0,0,0,2,1,0
2182,5,42,8,0,1,2,5,0,0,2,1,0
2183,5,42,9,2,1,1,5,2,2,2,0,1
2184,5,42,10,1,1,0,3,1,2,2,1,1
2185,5,42,11,1,1,0,3,0,1,2,1,2
2186,5,42,12,1,2,2,2,0,1,2,1,2
2187,5,42,13,1,2,2,2,2,1,2,1,2
2188,5,42,14,0,2,1,2,2,2,2,1,0
2189,5,42,15,0,0,0,3,2,1,2,0,2
2190,5,42,16,0,0,0,3,2,1,2,0,2
2191,5,42,17,1,0,1,3,1,1,2,0,1
2192,5,42,18,2,2,0,1,0,2,2,0,1
2193,5,42,19,0,0,0,3,1,1,2,0,2
2194,5,42,20,0,2,1,1,2,2,2,0,1
2195,5,42,21,1,2,2,1,2,2,2,0,2
2196,5,42,22,2,0,2,3,2,2,2,0,2
2197,5,42,23,1,0,1,1,0,0,2,0,2
2198,5,42,24,0,0,0,3,1,1,2,0,1
2199,5,42,25,1,0,1,1,0,0,2,0,0
2200,5,42,26,2,2,0,1,2,2,2,0,0
2201,5,42,27,1,2,2,5,0,0,2,0,1
2202,5,42,28,0,0,0,5,1,1,2,0,1
2203,5,42,29,1,0,1,5,2,2,2,0,2
2204,5,42,30,2,1,1,4,0,0,2,0,1
2205,5,42,31,1,1,0,4,0,0,2,0,1
2206,5,42,32,0,0,0,5,0,0,2,0,2
2207,5,42,33,1,1,0,5,2,2,2,0,1
2208,5,42,34,2,1,1,5,0,0,2,0,1
2209,5,42,0,1,2,2,0,2,0,0,0,0
2210,5,42,35,0,1,2,1,1,1,2,0,2
2211,5,42,1,0,0,0,0,0,0,2,2,0
2212,5,42,36,0,2,1,1,2,2,2,0,2
2213,5,42,2,1,2,2,0,2,0,2,1,0
2214,5,42,37,1,2,2,1,2,2,2,0,1
2215,5,42,3,2,0,2,0,0,0,2,1,0
2216,5,42,38,2,0,2,1,0,0,2,0,1
2217,5,42,4,2,1,1,0,1,1,2,1,0
2218,5,42,39,0,1,2,1,1,1,2,0,0
2219,5,42,5,0,0,0,4,1,0,0,1,0
2220,5,42,40,1,2,2,1,2,2,2,0,2
2221,5,42,6,1,2,2,0,2,2,0,1,0
2222,5,42,7,1,0,1,0,0,0,2,1,0
2223,5,42,41,2,0,2,1,0,0,2,0,1
2224,5,42,8,0,1,2,5,0,0,2,1,0
2225,5,42,42,1,1,0,1,1,1,2,0,2
2226,5,42,9,2,1,1,5,2,2,2,0,1
2227,5,42,43,0,0,0,1,0,0,2,0,0
2228,5,42,10,1,1,0,3,1,2,2,1,1
2229,5,42,44,0,2,1,1,2,2,2,0,1
2230,5,42,11,1,1,0,3,0,1,2,1,2
2231,5,42,45,1,0,1,1,2,0,2,0,2
2232,5,42,12,1,2,2,2,0,1,2,1,2
2233,5,42,46,1,0,1,0,0,1,2,0,1
2234,5,42,13,1,2,2,2,2,1,2,1,2
2235,5,42,47,2,2,0,1,0,2,2,0,0
2236,5,42,14,0,2,1,2,2,2,2,1,0
2237,5,42,48,0,1,2,0,1,1,2,0,1
2238,5,42,15,0,0,0,3,2,1,2,0,2
2239,5,42,49,1,1,0,0,1,1,2,0,1
2240,5,42,16,0,0,0,3,2,1,2,0,2
2241,5,42,17,1,0,1,3,1,1,2,0,1
2242,5,42,50,2,0,2,0,0,0,2,0,0
2243,5,42,18,2,2,0,1,0,2,2,0,1
2244,5,42,19,0,0,0,3,1,1,2,0,2
2245,5,42,20,0,2,1,1,2,2,2,0,1
2246,5,42,21,1,2,2,1,2,2,2,0,2
2247,5,42,22,2,0,2,3,2,2,2,0,2
2248,5,42,23,1,0,1,1,0,0,2,0,2
2249,5,42,24,0,0,0,3,1,1,2,0,1
2250,5,42,25,1,0,1,1,0,0,2,0,0
2251,5,42,26,2,2,0,1,2,2,2,0,0
2252,5,42,27,1,2,2,5,0,0,2,0,1
2253,5,42,28,0,0,0,5,1,1,2,0,1
2254,5,42,29,1,0,1,5,2,2,2,0,2
2255,5,42,30,2,1,1,4,0,0,2,0,1
2256,5,42,31,1,1,0,4,0,0,2,0,1
2257,5,42,32,0,0,0,5,0,0,2,0,2
2258,5,42,33,1,1,0,5,2,2,2,0,1
2259,5,42,34,2,1,1,5,0,0,2,0,1
2260,5,42,35,0,1,2,1,1,1,2,0,2
2261,5,42,36,0,2,1,1,2,2,2,0,2
2262,5,42,37,1,2,2,1,2,2,2,0,1
2263,5,42,38,2,0,2,1,0,0,2,0,1
2264,5,42,39,0,1,2,1,1,1,2,0,0
2265,5,42,40,1,2,2,1,2,2,2,0,2
2266,5,42,41,2,0,2,1,0,0,2,0,1
2267,5,42,42,1,1,0,1,1,1,2,0,2
2268,5,42,43,0,0,0,1,0,0,2,0,0
2269,5,42,44,0,2,1,1,2,2,2,0,1
2270,5,42,45,1,0,1,1,2,0,2,0,2
2271,5,42,46,1,0,1,0,0,1,2,0,1
2272,5,42,47,2,2,0,1,0,2,2,0,0
2273,5,42,48,0,1,2,0,1,1,2,0,1
2274,5,42,49,1,1,0,0,1,1,2,0,1
2275,5,42,50,1,0,1,0,0,0,2,0,0
2276,5,43,0,1,2,2,0,2,0,0,0,0
2277,5,43,1,0,0,0,0,0,0,2,2,0
2278,5,43,2,1,2,2,0,2,0,2,1,0
2279,5,43,3,2,0,2,0,0,0,2,1,0
2280,5,43,4,2,1,1,0,1,1,2,1,0
2281,5,43,5,0,0,0,4,1,0,0,1,0
2282,5,43,6,1,2,2,0,2,2,0,1,0
2283,5,43,7,1,0,1,0,0,0,2,1,0
2284,5,43,8,0,1,2,5,0,0,2,1,0
2285,5,43,9,2,1,1,5,2,2,2,0,1
2286,5,43,10,1,1,0,3,1,2,2,1,1
2287,5,43,11,1,1,0,3,0,1,2,1,2
2288,5,43,12,1,2,2,2,0,1,2,1,2
2289,5,43,13,1,2,2,2,2,1,2,1,2
2290,5,43,14,0,2,1,2,2,2,2,1,0
2291,5,43,15,0,0,0,3,2,1,2,0,2
2292,5,43,16,0,0,0,3,2,1,2,0,2
2293,5,43,17,1,0,1,3,1,1,2,0,1
2294,5,43,18,2,2,0,1,0,2,2,0,1
2295,5,43,19,0,0,0,3,1,1,2,0,2
2296,5,43,20,0,2,1,1,2,2,2,0,1
2297,5,43,21,1,2,2,1,2,2,2,0,2
2298,5,43,22,2,0,2,3,2,2,2,0,2
2299,5,43,23,1,0,1,1,0,0,2,0,2
2300,5,43,24,0,0,0,3,1,1,2,0,1
2301,5,43,25,1,0,1,1,0,0,2,0,0
2302,5,43,26,2,2,0,1,2,2,2,0,0
2303,5,43,27,1,2,2,5,0,0,2,0,1
2304,5,43,28,0,0,0,5,1,1,2,0,1
2305,5,43,29,1,0,1,5,2,2,2,0,2
2306,5,43,30,2,1,1,4,0,0,2,0,1
2307,5,43,31,1,1,0,4,0,0,2,0,1
2308,5,43,0,1,2,2,0,2,0,0,0,0
2309,5,43,32,0,0,0,5,0,0,2,0,2
2310,5,43,1,0,0,0,0,0,0,2,2,0
2311,5,43,33,1,1,0,5,2,2,2,0,1
2312,5,43,34,2,1,1,5,0,0,2,0,1
2313,5,43,2,1,2,2,0,2,0,2,1,0
2314,5,43,35,0,1,2,1,1,1,2,0,2
2315,5,43,3,2,0,2,0,0,0,2,1,0
2316,5,43,36,0,2,1,1,2,2,2,0,2
2317,5,43,4,2,1,1,0,1,1,2,1,0
2318,5,43,37,1,2,2,1,2,2,2,0,1
2319,5,43,5,0,0,0,4,1,0,0,1,0
2320,5,43,38,2,0,2,1,0,0,2,0,1
2321,5,43,39,0,1,2,1,1,1,2,0,0
2322,5,43,6,1,2,2,0,2,2,0,1,0
2323,5,43,40,1,2,2,1,2,2,2,0,2
2324,5,43,7,1,0,1,0,0,0,2,1,0
2325,5,43,8,0,1,2,5,0,0,2,1,0
2326,5,43,9,2,1,1,5,2,2,2,0,1
2327,5,43,10,1,1,0,3,1,2,2,1,1
2328,5,43,11,1,1,0,3,0,1,2,1,2
2329,5,43,12,1,2,2,2,0,1,2,1,2
2330,5,43,13,1,2,2,2,2,1,2,1,2
2331,5,43,14,0,2,1,2,2,2,2,1,0
2332,5,43,15,0,0,0,3,2,1,2,0,2
2333,5,43,16,0,0,0,3,2,1,2,0,2
2334,5,43,17,1,0,1,3,1,1,2,0,1
2335,5,43,18,2,2,0,1,0,2,2,0,1
2336,5,43,19,0,0,0,3,1,1,2,0,2
2337,5,43,20,0,2,1,1,2,2,2,0,1
2338,5,43,21,1,2,2,1,2,2,2,0,2
2339,5,43,22,2,0,2,3,2,2,2,0,2
2340,5,43,23,1,0,1,1,0,0,2,0,2
2341,5,43,24,0,0,0,3,1,1,2,0,1
2342,5,43,25,1,0,1,1,0,0,2,0,0
2343,5,43,26,2,2,0,1,2,2,2,0,0
2344,5,43,27,1,2,2,5,0,0,2,0,1
2345,5,43,28,0,0,0,5,1,1,2,0,1
2346,5,43,29,1,0,1,5,2,2,2,0,2
2347,5,43,30,2,1,1,4,0,0,2,0,1
2348,5,43,31,1,1,0,4,0,0,2,0,1
2349,5,43,32,0,0,0,5,0,0,2,0,2
2350,5,43,33,1,1,0,5,2,2,2,0,1
2351,5,43,34,2,1,1,5,0,0,2,0,1
2352,5,43,35,0,1,2,1,1,1,2,0,2
2353,5,43,36,0,2,1,1,2,2,2,0,2
2354,5,43,37,1,2,2,1,2,2,2,0,1
2355,5,43,38,2,0,2,1,0,0,2,0,1
2356,5,43,39,0,1,2,1,1,1,2,0,0
2357,5,43,40,1,2,2,1,2,2,2,0,2
2358,5,43,41,2,0,2,1,0,0,2,0,1
2359,5,43,42,1,1,0,1,1,1,2,0,2
2360,5,43,43,0,0,0,1,0,0,2,0,0
2361,5,43,44,0,2,1,1,2,2,2,0,1
2362,5,43,45,1,0,1,1,2,0,2,0,2
2363,5,43,46,1,0,1,0,0,1,2,0,1
2364,5,43,47,2,2,0,1,0,2,2,0,0
2365,5,43,48,0,1,2,0,1,1,2,0,1
2366,5,43,49,1,1,0,0,1,1,2,0,1
2367,5,43,50,2,0,2,0,0,0,2,0,0
2368,5,43,51,1,0,1,0,0,0,2,0,0
2369,5,43,52,1,0,1,0,0,0,2,0,1
2370,5,43,41,2,0,2,1,0,0,2,0,1
2371,5,43,42,1,1,0,1,1,1,2,0,2
2372,5,43,43,0,0,0,1,0,0,2,0,0
2373,5,43,44,0,2,1,1,2,2,2,0,1
2374,5,43,45,1,0,1,1,2,0,2,0,2
2375,5,43,46,1,0,1,0,0,1,2,0,1
2376,5,43,47,2,2,0,1,0,2,2,0,0
2377,5,43,48,0,1,2,0,1,1,2,0,1
2378,5,43,49,1,1,0,0,1,1,2,0,1
2379,5,43,50,2,0,2,0,0,0,2,0,0
2380,5,43,51,1,0,1,0,0,0,2,0,0
2381,5,43,52,1,0,1,0,0,0,2,0,1
2382,5,44,0,2,0,2,0,0,0,0,0,0
2383,5,44,1,0,1,2,0,1,0,0,0,0
2384,5,44,2,1,2,2,0,2,2,0,1,0
2385,5,44,3,0,0,0,0,0,0,0,1,0
2386,5,44,4,0,2,1,0,2,0,1,2,0
2387,5,44,5,1,1,0,4,2,1,1,2,1
2388,5,44,6,2,2,0,5,0,0,1,0,1
2389,5,44,7,2,1,1,0,1,1,1,2,2
2390,5,44,8,0,2,1,3,1,1,0,2,0
2391,5,44,9,2,0,2,5,2,2,1,2,1
2392,5,44,10,0,1,2,5,1,1,0,2,0
2393,5,44,11,1,1,0,5,2,2,1,2,0
2394,5,44,12,1,1,0,5,0,0,1,2,2
2395,5,44,13,1,2,2,5,0,0,1,2,1
2396,5,44,14,0,1,2,5,2,0,2,0,0
2397,5,44,15,0,2,1,5,2,1,1,0,2
2398,5,44,16,2,1,1,5,2,1,1,0,1
2399,5,44,17,0,2,1,3,1,0,1,2,0
2400,5,44,18,2,2,0,3,2,0,1,2,1
2401,5,44,19,0,2,1,3,1,2,1,2,0
2402,5,44,20,1,2,2,0,2,2,1,2,2
2403,5,44,21,2,0,2,0,0,0,1,2,2
2404,5,44,22,1,1,0,0,1,1,1,2,1
2405,5,44,23,0,0,0,0,0,0,1,2,1
2406,5,44,24,1,2,2,0,2,2,1,2,1
2407,5,45,0,1,2,2,0,2,0,0,0,0
2408,5,45,1,2,0,2,0,0,0,2,2,0
2409,5,45,2,1,1,0,0,1,1,0,2,0
2410,5,45,3,0,0,0,3,0,1,2,0,0
2411,5,45,4,2,0,2,1,2,0,2,1,0
2412,5,45,5,2,2,0,1,1,2,0,1,1
2413,5,45,6,0,2,1,1,1,2,0,1,0
2414,5,45,7,2,2,0,0,2,0,0,1,1
2415,5,45,8,2,2,0,1,1,2,0,1,1
2416,5,45,9,1,0,1,2,1,0,0,1,1
2417,5,45,10,0,0,0,2,0,1,0,1,0
2418,5,45,11,1,0,1,1,2,0,0,1,2
2419,5,45,12,2,0,2,0,0,1,0,1,2
2420,5,45,13,0,1,2,0,1,1,0,1,2
2421,5,45,14,1,2,2,0,2,2,0,1,0
2422,5,45,15,2,0,2,0,0,0,0,1,1
2423,5,45,16,1,1,0,0,1,1,0,1,2
2424,5,45,17,1,0,1,0,0,0,0,1,0
2425,5,45,18,0,0,0,0,0,0,0,1,0
2426,5,45,19,2,2,0,0,2,0,0,1,2
2427,5,45,20,0,1,2,0,1,2,0,1,1
2428,5,45,21,1,2,2,0,2,0,0,1,1
2429,5,45,22,1,0,1,0,0,0,0,1,0
2430,5,45,23,0,0,0,0,0,0,2,1,0
2431,5,45,24,2,2,0,0,2,2,2,1,1
2432,5,45,25,1,1,0,0,1,2,0,1,1
2433,5,45,26,1,0,1,0,0,1,2,1,1
2434,5,45,27,2,0,2,0,0,1,2,1,2
2435,5,46,0,0,1,2,0,1,0,0,0,0
2436,5,46,1,1,2,2,0,2,0,1,1,0
2437,5,46,2,0,0,0,0,0,0,2,1,0
2438,5,46,3,2,2,0,3,2,0,1,2,0
2439,5,46,4,0,2,1,1,1,2,1,2,0
2440,5,46,5,0,0,0,4,2,2,1,2,0
2441,5,46,6,0,1,2,2,2,0,1,2,0
2442,5,46,7,0,1,2,2,1,1,1,2,1
2443,5,46,8,1,1,0,2,1,1,1,2,1
2444,5,46,9,1,1,0,2,0,2,1,0,1
2445,5,46,10,2,1,1,2,0,2,1,0,2
2446,5,46,11,0,1,2,1,1,1,1,0,2
2447,5,46,12,1,2,2,1,2,2,1,0,2
2448,5,46,13,0,0,0,1,0,0,1,0,0
2449,5,46,14,0,2,1,1,2,2,1,0,2
2450,5,46,15,2,1,1,2,2,2,1,0,0
2451,5,46,16,2,1,1,2,1,2,1,0,1
2452,5,46,17,0,2,1,1,1,2,1,2,2
2453,5,46,18,0,1,2,2,2,1,1,2,0
2454,5,46,19,1,1,0,2,2,1,1,2,1
2455,5,46,20,0,1,2,2,0,0,1,0,1
2456,5,47,0,0,1,2,0,1,0,0,0,0
2457,5,47,1,1,2,2,0,2,0,1,1,0
2458,5,47,2,0,0,0,0,0,0,2,1,0
2459,5,47,3,2,2,0,3,2,0,1,2,0
2460,5,47,4,0,2,1,1,1,2,1,2,0
2461,5,47,5,0,0,0,4,2,2,1,2,0
2462,5,47,6,0,1,2,2,2,0,1,2,0
2463,5,47,7,0,1,2,2,1,1,1,2,1
2464,5,47,8,1,1,0,2,1,1,1,2,1
2465,5,47,9,1,1,0,2,0,2,1,0,1
2466,5,47,10,2,1,1,2,0,2,1,0,2
2467,5,47,11,0,1,2,1,1,1,1,0,2
2468,5,47,12,1,2,2,1,2,2,1,0,2
2469,5,47,13,0,0,0,1,0,0,1,0,0
2470,5,47,14,0,2,1,1,2,2,1,0,2
2471,5,47,15,2,1,1,2,2,2,1,0,0
2472,5,47,16,2,1,1,2,1,2,1,0,1
2473,5,47,17,0,2,1,1,1,2,1,2,2
2474,5,47,18,0,1,2,2,2,1,1,2,0
2475,5,47,19,1,1,0,2,2,1,1,2,1
2476,5,47,20,0,1,2,2,0,0,1,0,1
2477,5,47,21,0,1,2,2,2,2,1,0,2
2478,5,48,0,2,0,2,0,0,0,0,0,0
2479,5,48,1,1,1,0,0,1,0,0,0,0
2480,5,48,2,2,0,2,0,0,1,0,2,0
2481,5,48,3,0,1,2,0,1,1,0,2,0
2482,5,48,4,1,2,2,0,2,2,0,1,0
2483,5,48,5,0,0,0,0,0,0,0,1,1
2484,5,48,6,0,2,1,4,2,2,0,1,2
2485,5,48,7,1,1,0,5,2,2,1,2,1
2486,5,48,8,0,0,0,3,0,0,2,0,1
2487,5,48,9,2,2,0,5,2,0,1,0,1
2488,5,48,10,1,2,2,3,1,2,1,2,1
2489,5,48,11,0,0,0,3,0,1,2,0,1
2490,5,48,12,0,0,0,1,2,0,1,0,2
2491,5,48,13,2,0,2,1,2,0,1,0,1
2492,5,48,14,2,2,0,1,1,2,1,2,1
2493,5,48,15,1,2,2,1,1,2,1,2,0
2494,5,48,16,1,2,2,1,0,2,1,2,0
2495,5,48,17,0,1,2,1,0,1,2,0,1
2496,5,48,18,0,1,2,1,2,1,1,0,1
2497,5,49,0,2,0,2,0,0,0,0,0,0
2498,5,49,1,1,1,0,0,1,0,0,0,0
2499,5,49,2,2,0,2,0,0,1,0,2,0
2500,5,49,3,0,1,2,0,1,1,0,2,0
2501,5,49,4,1,2,2,0,2,2,0,1,0
2502,5,49,5,0,0,0,0,0,0,0,1,1
2503,5,49,6,0,2,1,4,2,2,0,1,2
2504,5,49,7,1,1,0,5,2,2,1,2,1
2505,5,49,8,0,0,0,3,0,0,2,0,1
2506,5,49,9,2,2,0,5,2,0,1,0,1
2507,5,49,10,1,2,2,3,1,2,1,2,1
2508,5,49,11,0,0,0,3,0,1,2,0,1
2509,5,49,12,0,0,0,1,2,0,1,0,2
2510,5,49,13,2,0,2,1,2,0,1,0,1
2511,5,49,14,2,2,0,1,1,2,1,2,1
2512,5,49,15,1,2,2,1,1,2,1,2,0
2513,5,49,16,1,2,2,1,0,2,1,2,0
2514,5,49,17,0,1,2,1,0,1,2,0,1
2515,5,49,18,0,1,2,1,2,1,1,0,1
2516,5,49,19,0,0,0,1,2,0,1,0,2
2517,5,50,0,0,0,0,0,0,0,0,0,0
2518,5,50,1,2,2,0,0,2,0,1,1,0
2519,5,50,2,0,2,1,1,1,2,0,1,0
2520,5,50,3,2,2,0,0,2,2,1,0,0
2521,5,50,4,1,1,0,3,1,2,0,1,0
2522,5,50,5,2,0,2,4,0,1,0,2,0
2523,5,50,6,2,2,0,4,1,1,0,2,2
2524,5,50,7,0,2,1,4,1,2,0,2,2
2525,5,50,8,1,1,0,5,2,2,0,2,2
2526,5,50,9,0,0,0,0,0,0,0,2,0
2527,5,50,10,2,1,1,5,2,2,0,2,1
2528,5,50,11,2,1,1,0,1,1,0,2,1
2529,5,50,12,0,0,0,5,1,2,0,2,0
2530,5,50,13,2,2,0,5,2,0,0,2,0
2531,5,50,14,0,0,0,2,1,2,0,2,1
2532,5,50,15,0,2,1,5,2,2,0,2,1
2533,5,50,16,1,0,1,4,2,2,0,2,0
2534,5,50,17,2,0,2,0,0,0,0,2,1
2535,5,50,18,0,1,2,0,1,1,0,2,1
2536,5,50,19,0,2,1,0,2,2,0,2,0
2537,5,50,20,2,2,0,0,2,2,1,2,2
2538,5,50,21,2,1,1,0,1,1,0,2,0
2539,5,50,22,2,0,2,4,1,0,0,2,0
2540,5,50,23,1,0,1,4,0,0,0,2,0
2541,5,50,24,0,2,1,5,0,2,0,2,1
2542,5,51,0,1,2,2,0,2,0,0,0,0
2543,5,51,1,0,0,0,0,0,0,2,2,0
2544,5,51,2,0,2,1,0,2,0,2,1,0
2545,5,51,3,2,2,0,3,2,1,1,2,0
2546,5,51,4,2,2,0,3,1,2,1,2,0
2547,5,51,5,1,0,1,4,1,0,0,2,0
2548,5,51,6,1,1,0,3,0,2,0,1,0
2549,5,51,7,2,1,1,5,0,1,2,1,2
2550,5,51,8,0,1,2,3,1,0,0,1,2
2551,5,51,9,1,1,0,3,2,2,0,1,0
2552,5,51,10,2,0,2,0,0,0,2,1,1
2553,5,51,11,2,1,1,0,1,1,0,1,2
2554,5,51,12,1,1,0,0,1,1,0,1,1
2555,5,51,13,1,0,1,0,0,0,0,1,2
2556,5,51,14,2,0,2,0,0,2,2,1,0
2557,5,51,15,2,1,1,0,1,0,0,1,2
2558,5,51,16,2,0,2,5,1,0,0,1,2
2559,5,51,17,1,1,0,5,0,0,0,1,2
2560,5,51,18,0,2,1,5,0,2,0,1,0
2561,5,51,19,0,1,2,5,2,1,0,1,0
2562,5,51,20,1,0,1,5,2,0,0,1,1
2563,5,51,21,1,0,1,5,0,1,0,1,1
2564,5,51,22,2,2,0,4,0,2,2,1,2
2565,5,51,23,0,2,1,4,1,1,0,1,2
2566,5,51,24,0,2,1,1,2,2,0,1,2
2567,5,51,25,2,1,1,3,2,2,0,1,1
2568,5,52,0,2,0,2,0,0,0,0,0,0
2569,5,52,1,0,1,2,0,1,0,0,0,0
2570,5,52,2,0,2,1,0,2,2,0,1,0
2571,5,52,3,0,0,0,3,2,1,1,0,0
2572,5,52,4,1,1,0,2,1,1,1,0,0
2573,5,52,5,1,1,0,4,0,0,1,2,1
2574,5,52,6,2,1,1,2,0,2,1,0,2
2575,5,52,7,1,1,0,5,1,1,1,2,2
2576,5,52,8,2,0,2,3,0,0,2,0,2
2577,5,52,9,2,1,1,3,1,1,0,1,0
2578,5,52,10,2,2,0,4,1,1,0,1,2
2579,5,52,11,1,0,1,4,0,0,0,1,0
2580,5,52,12,1,0,1,4,0,2,0,1,0
2581,5,52,13,0,1,2,3,0,2,0,1,2
2582,5,52,14,0,1,2,3,2,1,0,1,2
2583,5,52,15,2,1,1,3,2,0,0,1,2
2584,5,52,16,1,1,0,3,1,0,0,1,1
2585,5,52,17,1,1,0,3,0,1,0,1,2
2586,5,52,18,2,1,1,3,0,1,2,1,0
2587,5,52,19,2,2,0,5,1,2,0,1,2
2588,5,52,20,0,0,0,5,1,0,0,1,2
2589,5,52,21,2,1,1,5,2,2,0,1,0
2590,5,52,22,2,0,2,2,1,1,0,1,0
2591,5,52,23,1,0,1,2,1,0,0,1,0
2592,5,52,24,1,0,1,2,0,1,0,1,0
